res_id,res_name,current_tag,proposed_tag,score
1,ครัวประกายลาบยโส,,default,0.00
2,ภิรมย์ชมนา คาเฟ่,,cafe,0.80
3,Unknown,,default,0.00
4,Zaab Eli (แซ่บอีลี่) – เซ็นทรัล พระราม 2,,default,0.00
5,พิกุลทองจิ้มจุ่ม สาขา1,,default,0.00
6,ร้านตะหลิว,,default,0.00
7,โป้ง อาหารป่า,,default,0.00
8,เนโกะราเมงไทรน้อย@PARK91,,ramen,0.80
9,ลุงช้งอาหารป่า,,default,0.00
10,เล็กโภชนา,,default,0.00
11,ร้านอาหารบ้านนอกบ้านนา,,default,0.00
12,น้องสตางค์ กุ้งแม่น้ำเผา บางเลน,,default,0.00
13,จางวางอิ่ม,,default,0.00
14,ร้านเม้งเจริญโภชนา,,default,0.00
15,ร้านเจ๋ง ครัวชายทะเล,,seafood,0.80
16,ร้านอาหารอีสาน เป็นตาแซ่บ สถานีหลักหก,,default,0.00
17,ครัวยุพิน ซีฟู้ด,,seafood,1.00
18,บ้านชายคลอง,,default,0.00
19,Sky View Cafe' & Bistro,,cafe,1.00
20,ช.ช้าง ยกครก,,default,0.00
21,Waterside Karaoke Restaurant,,default,0.00
22,Nonstop Resort & Restaurant,,default,0.00
23,เดนเวอร์ สเต็กเฮ้าส์,,steak,0.80
24,แจ่วแจ๋ว ชาบู (ตรงข้ามพุทธบูชา 43),,shabu,0.80
25,กลับนครฯ (ร่มเกล้า),,default,0.00
26,ข้าวต้ม OT,,default,0.00
27,ครัวเมืองใต้,,default,0.00
28,ไถนา,,default,0.00
29,สามเสนวิลล่า - ราชพฤกษ์​,,default,0.00
30,Wang-Chill,,default,0.00
31,ร้านอาหารแดมพ์ซี่ Dempsey Restaurant,,default,0.00
32,G2Connect,,default,0.00
33,ข้าวหมกไก่สยาม สวนสมเด็จฯ,,default,0.00
34,ยอดลาบเป็ดอุดร (คลอง 4 ลำลูกกา),,default,0.00
35,Chinese restaurant,,default,0.00
36,ครัวสามสมุทร,,default,0.00
37,ร้านอาหารป่าริมคลอง,,default,0.00
38,โคซี่สเปซคาเฟ่,,cafe,0.80
39,โอ๊คแลนด์ คาเฟ่ เอ็กซ์ เรสเทอรองค์,,cafe,0.80
40,สไปซี่คัก ริมน้ำ by อำแดงไต้ฝุ่น,,default,0.00
41,Nuakak Nawamin 87 - นัวคัก นวมินทร์87,,default,0.00
42,ร้านอาหารญี่ปุ่น นัมบะ756,,default,0.00
43,ร้านป้าสุนทร กุ้งเหยียด,,default,0.00
44,ครัวโบราณบันเทิง,,default,0.00
45,ร้านอาหาร วิน แอนด์ เวฟ,,default,0.00
46,บ้านบนบัว Baan Bon Bua,,default,0.00
47,ครัวเมืองไม้ ใน วู้ดแลนด์เมืองไม้,,default,0.00
48,ครัวเสือดำ อาหารป่า,,default,0.00
49,ร้านอาหารจีน(เสฉวน)(ปิ้งย่างหมาล่า),,bbq,0.80
50,ร้านข้าวต้มเจ๊แต๋ม ข้างสระว่ายน้ำซิตี้พาร์ค,,default,0.00
51,แซ่บวัน รัชดา ซอย 5,,default,0.00
52,โค ลิมิเต็ด สาขาเวลา (หลังสวน),,default,0.00
53,ร้านรสทิพย์ ข้าวขาหมู,,default,0.00
54,ChonGang Bar&Bistro,,default,0.00
55,บ้านลมโชย,,default,0.00
56,ปลูกกับปรุง ' บ้าน•สวน•ครัว,,default,0.00
57,ครัวปลายทาง,,default,0.00
58,มาลองแด๊ก สาขา ถนน 345,,default,0.00
59,มาลองแด๊ก สาขา ถนน 345 (Malongdag),,default,0.00
60,Naruemon Suki House,,default,0.00
61,แจ่วฮ้อนร้อยเอ็ด​สุนทร,,default,0.00
62,ร้านมันส์กุ้ง​ เบียร์การ์เด้น,,default,0.00
63,นายแอร์ หมูจุ่มสาขา 1,,default,0.00
64,บ้านเพ็ญ สุกี้&กุ้งอบวุ้นเส้น,,shabu,0.80
65,นัดนัว สุวรรณภูมิ Nud Nua,,default,0.00
66,กระทะร้อน & สเต็กลุงกว้าง,,steak,0.80
67,ณ ดอยหนอก - สายไหม • Na Doi Norg - SaiMai,,default,0.00
68,Kanika Bar & Restaurant,,default,0.00
69,จิ้มจุ่มคุณศรี-หมูกระทะ อาหารไทยอีสาน,,bbq,1.00
70,ก๋วยเตี๋ยวเรือบัวนา,,noodles,0.80
71,สุกี้ตี๋น้อย บิ๊กซีเพชรเกษม,,shabu,1.00
72,คุณปลื้ม,,default,0.00
73,ครัวหมอหวัง by บารอกัต,,default,0.00
74,บางหว้าขาหมู สาขาเอกชัย,,default,0.00
75,บิ๊กบอส เมี่ยงปลาเผา,,default,0.00
76,ร้านอาหาร พาชวนชิม,,default,0.00
77,ร้านอาหารบ้านพริกสวน,,default,0.00
78,Farm table restaurant,,default,0.00
79,The 3 Us ปากเกร็ด,,default,0.00
80,ยุพาอาหารเวียดนาม,,default,0.00
81,ครัว มานา นาดา,,default,0.00
82,ร้านอาหารลมพันท้าย,,default,0.00
83,บุหลันดั้นเมฆ,,default,0.00
84,ร้านต้นไทร ร้านอาหาร,,default,0.00
85,ร้านใบตองแกงป่า,,default,0.00
86,ร้านลาบเวียงจันทน์ by กบโปงลางสะออน,,default,0.00
87,เคียงเดือน,,default,0.00
88,Kenshiro Izakaya ( เคนชิโร่ อิซากายะ),,default,0.00
89,HoneyHouse Thai Cuisine ร้านอาหารไทย ฮันนี่เฮ้าส์,,default,0.00
90,Nakama izakaya,,default,0.00
91,เจ๊ดาวซีฟู้ด อาหารทะเลสดอร่อยร้านแนะนำ ราคาเบาๆ,,seafood,0.80
92,Ivory Coast Almond Restaurant & Chill Bar,,default,0.00
93,ร้านอาหารรสสุคนธ์,,default,0.00
94,คุงโภชนากรุงเทพกรีฑา22,,default,0.00
95,ร้านอีสานเดิม สุวรรณภูมิ,,default,0.00
96,โซแมก พญาไท,,default,0.00
97,ร้านอาหารเจ๊จุ๋ม สาขาลูก,,default,0.00
98,ร้านอาหารเจ๊จุ๋ม สาขาลูก (Bang Kachao Restaurant),,default,0.00
99,ก๊วยเตี๋ยวเรือ พ.พวง สาขาตลาดแสงทองพลาซ่า,,default,0.00
100,โต้ง บักกุ๊ดเต๋,,default,0.00
101,อ่างศิลาบางนา ซีฟู๊ด (ปากซอย หมู่บ้านกฤษดานคร 21),,default,0.00
102,ส้มตำเด็ด ร้านครกใหญ่ นวลจันทร์,,default,0.00
103,ร้านอาหาร ณ ชมทุ่ง ริมคลอง,,default,0.00
104,ร้านอาหาร​เชน ​​(บ้านสวนพุด),,default,0.00
105,ไทบ้านอินดี้สาย4,,default,0.00
106,Palm’s by ครัวสวนปาล์ม,,default,0.00
107,ครัวศรแดง,,default,0.00
108,แซ่บสะแแด่ว,,default,0.00
109,แซ่บสะแด่ว,,default,0.00
110,ร้านอาหาร ตี้ โซ คูล Tee So Cool Meeting & Restaurant,,default,0.00
111,ครบรส ลาดปลาดุก,,default,0.00
112,ร้านโพธิ์ทะเล,,seafood,1.00
113,ครัวคุณเรศ,,default,0.00
114,ครัวมุมสวน,,default,0.00
115,เลอ เบียง,,default,0.00
116,Madame Chill Cafe & Bistro,,cafe,1.00
117,Suki​camp​ safari,,default,0.00
118,ครัว 152,,default,0.00
119,อาเปาคิตช์,,default,0.00
120,ร้านข้าวต้มครัวเจ้านาย,,default,0.00
121,เคี้ยงเยาวราช บางบัวทอง,,default,0.00
122,ร้านละอองน้ำ,,default,0.00
123,ต๊ะต่อนยอน อาหารเหนือ (นวลจันทร์),,default,0.00
124,เมืองลุง หรอยแรง,,default,0.00
125,สะดวกยำ @พันท้าย สมุทรสาคร,,default,0.00
126,korean Kitchen ปิ้งย่างเกาหลี,,bbq,0.80
127,อิจโจ่เกี๊ยวซ่า (ITCHOGYOZA),,default,0.00
128,อิจโจ่เกี๊ยวซ่า,,default,0.00
129,ร้าน ลึกหน่อย อร่อยแน่,,default,0.00
130,ครัวเมืองชุมแพ,,default,0.00
131,อาอ้วน สเต็ก&ไทยฟู้ด,,steak,1.00
132,ร้านปรุงสารพัด สำนักพระราชวัง,,default,0.00
133,ครัวกระแต,,default,0.00
134,ลาบยโส เจ๊ขาวคลอง4,,default,0.00
135,กะเพรากลางสวน(กะเพราบ้านสวน),,default,0.00
136,ร้านตำตำ บายตาต้า ธิดาครกทอง,,default,0.00
137,มาชิตะGrill กาญจนาภิเษก,,default,0.00
138,Fah Mai cafe’ and Bistro,,cafe,1.00
139,หล่อเลี้ยงฟาร์ม Cafe&Cuisine,,cafe,1.00
140,ห้องอาหารเก็จแก้ว,,default,0.00
141,ฝากมารุม สาขา 5 พุทธมณฑลสาย 4,,default,0.00
142,แคทส้มตำ จิ้มจุ่ม อาหารอีสาน บางใหญ่ สาขา 1,,default,0.00
143,Wine Port & clubhouse,,default,0.00
144,เชจู สเตชั่น JEJU Station,,default,0.00
145,Bungalow River,,default,0.00
146,ร้าน เสบียง กุ้งเผา (คลองโยง) { ปิดทุกวันพระ },,default,0.00
147,ร้าน เสบียง กุ้งเผา (คลองโยง),,default,0.00
148,ร้าน อาหารบ้านแม่,,default,0.00
149,ร้านอาหารครัวบ้านใหม่,,default,0.00
150,ลายยโส บางนา-ตราด กม.27,,default,0.00
151,บ้านระเบียงบึง Restaurant,,default,0.00
152,ครัวบ้านไทร,,default,0.00
153,ข้าวแกงแม่เล็ก,,default,0.00
154,ครัวริมทะเล,,seafood,0.80
155,สเต๊กตัวน้ำ โดย ป้าแก้ว คลองหลอด,,default,0.00
156,ครัวคุณอิ้น รัชดา32,,default,0.00
157,The LOFT Eatery&Bar,,default,0.00
158,ร้านอาหารข้าวสุข By flower cafe,,cafe,1.00
159,เตียกุ่ยฮวดก๋วยเตี๋ยวเป็ด บางนาตราด กม.19,,noodles,0.80
160,เตียกุ่ยฮวดก๋วยเตี๋ยวเป็ด บางนาตราด กม.19 (Tiaguihuad restaurant),,noodles,0.80
161,Nanoni Italian Fusion,,default,0.00
162,สิริ ริว่า,,default,0.00
163,ปลายนา คาเฟ่ ไทรน้อย,,cafe,0.80
164,ศาลาสุขใจ,,default,0.00
165,ร้านรถเสบียง,,default,0.00
166,Hops and Hope craft bar,,default,0.00
167,YONAKA IZAKAYA  ร้านอาหารญี่ปุ่น อิซากายะ ลาดพร้าว,,default,0.00
168,ละอ่อนน้ำเงี้ยวอาหารเหนือ,,default,0.00
169,ห้องอาหารมาลัย,,default,0.00
170,สวนอาหารซุ้มไผ่ เรโทร บางแวก 83,,default,0.00
171,ข้าวต้มอันดา ตลาดเรือบิน เด็ดสุดในย่านนี้,,default,0.00
172,ครัวริมคลอง,,default,0.00
173,ครัวป้าสวน ชวนแซ่บ อร่อยในตำนาน,,default,0.00
174,เดอะบริค ท่าอิฐ The Brick Tha-it,,default,0.00
175,ง. ง้วน ครัวบ้านริมน้ำ,,default,0.00
176,อร่อยวังหิน,,default,0.00
177,ครัวมุกดาหาร,,default,0.00
178,ทิพวรรณ ร้านอาหารเวียดนาม สาขาบางเขน,,default,0.00
179,ร้านป้าอู๊ด,,default,0.00
180,Eat Around Kitchen (อาหารไทย/ยุโรป/อีสาน ฟิวชั่น),,default,0.00
181,ครัวบ้านอ้อ ราม157,,default,0.00
182,ร้านอาหารนกนุ่นซีฟูดส์,,default,0.00
183,ธรรมชาติโอชา,,default,0.00
184,เทส ออฟ อินเดีย ร้านอาหาร,,default,0.00
185,ร้านตำอินดี้,,default,0.00
186,Madamzabb,,default,0.00
187,Absorn Thai Bistro ครัวอัปสรประตูผี,,default,0.00
188,ครัวมัทนา,,default,0.00
189,ร้านกินกับจาบ้อ,,default,0.00
190,แม่ปะดิ ปากหม้อญวนก๋วยจั๊บญวน,,noodles,0.80
191,ร้านarea9cafeลำลูกกาคลอง7,,cafe,0.80
192,ร้านฤกษ์เหล้า เทียนดัด สวนอาหาร&บ่อตกกุ้ง,,default,0.00
193,ครัวมะลิแกงใต้ หรอยจังฮู้,,default,0.00
194,ร้านครัวชมสวน,,default,0.00
195,ร้านแม่จันทร์ฟอง,,default,0.00
196,ข้าวแกงป้าทิน,,default,0.00
197,ร้านอาหารเต่าทอง พระสมุทรเจดีย์,,default,0.00
198,ร้านโกบู้ รสซิ่ง สาขา1,,default,0.00
199,เจ้าสัว69,,default,0.00
200,ร้านสวนหลังบ้าน (นนทบุรี)​,,default,0.00
201,ร้านครัวเรือบิน,,default,0.00
202,เจ้มดเมืองลุง,,default,0.00
203,ติ้งไท้ฝู ต้นตำรับ • รามคำแหง,,default,0.00
204,ติ่งไท้ฝู ต้นตำรับ • รามคำแหง,,default,0.00
205,สนุกกินถิ่นสิบสอง,,default,0.00
206,ตำซั่วเส้นสด,,default,0.00
207,ต๋องริมทาง@สาย4,,default,0.00
208,Uncle Chef Thai Fusion Restaurant,,default,0.00
209,ฟาตินชิ้นสะดุ้ง,,default,0.00
210,ครัวเมืองตรัง นายปืน,,default,0.00
211,คุณเอียดชาววัง & ANYA Cafe,,cafe,1.00
212,โตเกียวชิ อิซากายะ,,default,0.00
213,โตเกียวชิ อิซากายะ (Tokyoshi Izakaya),,default,0.00
214,สะไบมอญ,,default,0.00
215,สเต็กบางพลู@Little Cafe'บางบัวทอง,,cafe,1.00
216,ร้านอาหารจีน ญ Chay พุทธมณฑลสาย 1,,default,0.00
217,เฮือนของพ่อ My Daddy's Home,,default,0.00
218,นิยมแซ่บ ณ ศาลายา,,default,0.00
219,ไก่ย่าง สุภาพร,,default,0.00
220,ร้านบ้านยายเวียง,,default,0.00
221,โอกินาว่า คินโจ,,default,0.00
222,ร้านข้าวต้มจิดาภา,,default,0.00
223,หรงหวา ก๋วยเตี๋ยวคั่วไก่,,noodles,0.80
224,ร้านยายเดือนเคหะร่มเกล้า,,default,0.00
225,ห้องอาหารแพรว Praew Restaurant,,default,0.00
226,อ้อยหวานอาหารไทยโบราณริมน้ำ Aoywaan Riverside Thai Cuisine,,default,0.00
227,ครัวบ้านลีดา,,default,0.00
228,ข้าวแกงใต้ริมน้ำ,,default,0.00
229,ครัวลุงพร ป้าหมวย,,default,0.00
230,TASTY HOUSE ชื่อนี้มีแต่ของอร่อย,,default,0.00
231,โฮงลาบ ลาดกระบัง,,default,0.00
232,ร้านอาหารบ้านณัชชา ริมน้ำท่าจีน นครชัยศรี,,default,0.00
233,ร้านอาหาร บ้านเกาะยอ บางปู,,default,0.00
234,ครัวในวัง,,default,0.00
235,ร้านอาหารใต้เมืองภูเก็ต By.เป้,,default,0.00
236,โคตรหมูริมน้ำ,,default,0.00
237,ร้านอาหาร เรือนริมคลอง9,,default,0.00
238,อาหารป่าบางเดื่อ,,default,0.00
239,โจ๊กสามย่าน • สรงประภา ดอนเมือง,,default,0.00
240,ตลาดชัชวาล คลอง 7,,default,0.00
241,อ่าวบางปู,,default,0.00
242,ร้านสูน หมูแดง คลอง7 @ ธัญบุรี รังสิต,,default,0.00
243,ร้านข้าวแกงเปิดหม้อ บางขุนเทียน 14,,default,0.00
244,ครัวบึงพญา,,default,0.00
245,ข้าวต้มปลา โคตรเก๋า หทัยราษฎร์ 37,,default,0.00
246,บ้านหลี ซีฟู้ด,,seafood,1.00
247,นุ๊ก สดอร่อย ซีฟู้ด อาหารทะเล ย่านบางบัวทอง นนทบุรี,,seafood,1.00
248,ร้าน มหาแซ่บ,,default,0.00
249,พาเลทบาร์,,default,0.00
250,ร้านอาหารครัวครูฤทธิ์,,default,0.00
251,ครัวพะเยา,,default,0.00
252,Guza Drift izakaya/ ร้าน อาหาร ญี่ปุ่น กุซ่าดริฟฟ อิซากายะ สาขาซาฟารีเวิลด์,,default,0.00
253,Bella Casa,,default,0.00
254,อาหารทะเล ซีฟู้ด Tell me cafe & Eatery,,seafood,1.00
255,ฟูกุอิซากายะ,,default,0.00
256,ลุงแว่นซีฟู้ด,,seafood,0.80
257,เม้งปูดอง เสรีไทย 27,,default,0.00
258,ครัวบ้านพ่อ,,default,0.00
259,ซอสามสาย,,default,0.00
260,kabuto22 Japanese restaurant,,default,0.00
261,ร้านไอตืม คลองด่าน,,default,0.00
262,คุ้ง คาแนล คาเฟ่,,cafe,0.80
263,ภ.คิทเช่น ที่สุดของอบวุ้นเส้น Porkitchen,,default,0.00
264,อร่อยเหลา,,default,0.00
265,ร้านอาหารบ้านดง,,default,0.00
266,บ้านนี้มีรัก,,default,0.00
267,Kwann Restaurant Bangkok,,default,0.00
268,ร้านส้มตำลาวลำน้ำพอง ไก่บ้านย่างเขาสวนกวาง ใกล้นิด้า,,default,0.00
269,เอี่ยม โภชนา,,default,0.00
270,โจ๊กสามย่าน คลองขวาง,,default,0.00
271,345 ห้อยขาริมทุ่ง (ร้านอาหาร&ก๋วยเตี๋ยวเรือ),,noodles,1.00
272,ครัวคุณอรซีฟู้ด,,seafood,0.80
273,นารายณ์พิซเซอเรีย X ข้าน้อยขอชาบู สาขาปั๊มปตท.กรุงเทพกรีฑา ขาเข้า,,shabu,0.80
274,ข้าวแกงเปิดหม้อ สาขาอ้อมน้อย(สาขาต้นตำหรับ),,default,0.00
275,Elder and Better,,default,0.00
276,BIG HOUSE (Farm & Cafe & Restaurant) บิ๊กเฮาส์ ฟร์าม คาเฟ่ และ ร้านอาหาร,,cafe,1.00
277,ฟอเรสต้า คาเฟ่,,cafe,0.80
278,แม่กลองหัวปลาหม้อไฟ,,shabu,0.80
279,ราดหน้านพดลสาย3,,default,0.00
280,ครัวต้นคูณ,,default,0.00
281,SUNTOOB - ซันตุ๊บ (จองล่วงหน้า 24 ชม เท่านั้นทางfacebook),,default,0.00
282,สปูน เฮ้าส์ ลำลูกกาคลอง 3,,default,0.00
283,อา-ลม-ดี,,default,0.00
284,ซ้งเป็ดพะโล้ สายไหม,,default,0.00
285,บ้านสวนเพลงร้านอาหาร,,default,0.00
286,ครัวยายติ๋ม,,default,0.00
287,เจริญรุ่งเรือง บุฟเฟต์นานาชาติ,,default,0.00
288,localfood restaurant,,default,0.00
289,ครัวแม่ปัญญา,,default,0.00
290,ข้าวต้ม แม่บังอร,,default,0.00
291,เฮือนดาริกาอาหารเหนือเจียงฮาย,,default,0.00
292,สวนอาหารทรงวุฒิ,,default,0.00
293,สวนอาหารลิลลี่การ์เด้น168,,default,0.00
294,ร้านค่าเวลา หลักสี่ New Generetion,,default,0.00
295,เป็นสุข บาร์ แอนด์ เรสทัวรองท์,,default,0.00
296,ร้านอาหาร อัล ซาราย,,default,0.00
297,สิริขวัญ ซีฟู้ด,,seafood,1.00
298,ครัว 2 ภาค,,default,0.00
299,วันดีดี คาเฟ่ x เรสเตอร์รองต์,,cafe,0.80
300,ลาซันย่า คอมฟอร์ท ไดน์นิ่ง,,default,0.00
301,แซ่บบ้านสวนคาเฟ่,,cafe,0.80
302,ตํากลางคลอง - tum klang khlong,,default,0.00
303,หมูย่างน้ำผึ้ง แม่สุมณฑา จตุจักร,,default,0.00
304,A Ramen,,ramen,1.00
305,ร้านสายอีสาน,,default,0.00
306,ฟาเธอร์ เซย์ เยส,,default,0.00
307,คุ้มพระยา / Braya de Casa,,default,0.00
308,ร้านอาหารเจแจ้ง5,,default,0.00
309,ร้านญวน กม.25 (ลูกชายคนโต),,default,0.00
310,Took Lae Dee Restaurant,,default,0.00
311,เนื้อตุ๋นนางเลิ้ง,,default,0.00
312,Chef’s Gallery,,default,0.00
313,ครัวแสงจันทร์ แวะมาหาหน่อย อร่อยแน่,,default,0.00
314,ครัวอินทผลัม & ชาอบัย,,default,0.00
315,ส้มตำยายบูดอินเตอร์,,default,0.00
316,ร้านเด็ด 7 ย่านน้ำ,,default,0.00
317,The Cave หทัยราษฎร์,,default,0.00
318,บ้านสวนอิงน้ำ,,default,0.00
319,เรือธง,,default,0.00
320,ครัวริมโมงค์,,default,0.00
321,ครัวคุณตั้ม ซีฟู้ดส์​,,seafood,0.80
322,Sukigarden,,default,0.00
323,ร้านเล็กพิสดาร,,default,0.00
324,ร้านครัวลิลเบิร์ด มบ.รัตนาธิเบศร์,,default,0.00
325,พวน Puan Thai Home Cook,,default,0.00
326,Yoyak​ ย.ยัก​ษ์​กินผัก​ วังหลัง,,default,0.00
327,ร้านอาหารบ้านแม่คุณ,,default,0.00
328,ไก่ย่างเสือใหญ่ กรุงเทพกรีฑา ซอย 8,,default,0.00
329,มา ดู คลอง Cafe & Restaurant,,cafe,1.00
330,ครัวบ้านมะลิ อาหารไทย-ซีฟู้ด ปลาจุ่ม จิ้มจุ่มหมอดิน ข้าวกระเพรา-อาหารจานเดียว,,seafood,1.00
331,The Hope Cafe กรุงเทพกรีฑา,,cafe,1.00
332,เท็นซีซี คอฟฟี่,,default,0.00
333,เมืองเกินร้อย (ศาลายา),,default,0.00
334,สวนอาหารปิ่นแก้ว,,default,0.00
335,ร้านข้าวผัดปูbyณัฏฐ์มาชิม,,default,0.00
336,ครัวกุ๊กหมู,,default,0.00
337,Shinzoku Japanese Restaurant,,default,0.00
338,ร้านอาหารบ้านป้าแจ๋ว,,default,0.00
339,ร้านอาหารแมกไม้ชายคลอง,,default,0.00
340,กะทิบ้านอาหารไทยและขนม,,bakery,0.80
341,Okina Izakaya,,default,0.00
342,สวนอาหารปีกไม้สาย2,,default,0.00
343,ร้านพหลวิว Phahon View (สาขา ตัดใหม่-วัชรพล),,default,0.00
344,ร้านข้าวแกง​บ้านเคียงเรือ,,default,0.00
345,ครัวกาญจน์ - แกงป่า,,default,0.00
346,โอยั๊วะเกษตร,,default,0.00
347,บุ๊ก ข้าวมันไก่,,default,0.00
348,เพิ่มพูนโภชนา,,default,0.00
349,เจ๊ณี โภชนา สาขา 2 (ข้าวต้มโต้รุ่ง),,default,0.00
350,ร้านอาหาร 109,,default,0.00
351,baiboon thai food,,default,0.00
352,ครัวไผ่เขียว,,default,0.00
353,Mini Shabu Cheese สาขา 1 ซอยกันตนา ชาบูบางใหญ่,,shabu,1.00
354,ครกใหญ่ (ฉลองกรุง),,default,0.00
355,ครัวกลางทุ่ง@นครชัยศรี,,default,0.00
356,คานาเล่เฮ้าส์,,default,0.00
357,ร้านอาหารเจชาวคลอง คลอง 7 ธัญบุรี,,default,0.00
358,ครัวใบเงินซีฟู้ด,,seafood,0.80
359,ร้านแล้วแต่เชฟ,,default,0.00
360,ครัวสราวลี,,default,0.00
361,แซ่บอิสาน98,,default,0.00
362,ครัวบ้านเรา,,default,0.00
363,Ar Rai Wah music & restaurant,,default,0.00
364,บ้านแดง โดย เมธาวลัย ศรแดง,,default,0.00
365,บ้านไม้ชายคลอง,,default,0.00
366,ร้านอาหารบ้านจิตประภัสสร (Jitprapassorn Restaurant),,default,0.00
367,โกเหง่า ข้าวต้มรอบดึก,,default,0.00
368,ไม้หอม,,default,0.00
369,ร้านพริกลิ้น,,default,0.00
370,โก๊หล่อน RIVER SIDE,,default,0.00
371,กะเว้าไปเนาะ,,default,0.00
372,ปรุงประเทือง - อาหารใต้,,default,0.00
373,ปรุงประเทือง - อาหารใต้ ***(ครัวปิด 21:00 น.),,default,0.00
374,ครัวคุณส้ม,,default,0.00
375,ร้านลาบเป็ด-ปลาเผา Byเฮียน๊อต ปรีดีพนมยงค์43,,default,0.00
376,มาดองหลวงเจ๊ (MA DONG LUANGJIE),,default,0.00
377,ร้านอาหารบ้านลักษ์ริมทะเล,,seafood,0.80
378,สู้แค่หมด ร้านอาหาร10บาท,,default,0.00
379,ครัวปากบาน By เจ๊เจี๊ยบ ถนนไทยรามัญ,,default,0.00
380,ร้านอาหารครัวคุณยุ,,default,0.00
381,ร้านนามิ 345 ปากเกร็ด Nami at 345 Pakkret,,default,0.00
382,ป้าเภา,,default,0.00
383,ร้านข้าวหอมแกงใต้ ซอยพระยาสุเรนทร์,,default,0.00
384,บ้านรามัญ,,default,0.00
385,อ้วนเจริญยิ่ง ราชาข้าวต้ม,,default,0.00
386,ติดมันส์ ศาลายา,,default,0.00
387,ครัวแพขวัญใจ ซีฟู้ด,,seafood,1.00
388,ร้านมุมอร่อย อาหารตามสั่ง,,default,0.00
389,สายแคมป์สโลว์บาร์Cafe (ร้านนั่งชิวใกล้ฉัน),,cafe,1.00
390,ร้าน นั่ง ซด ก๋วยเตี๋ยวต้มยำ เย็นตาโฟ รสจัดจ้าน,,noodles,0.80
391,ก๋วยเตี๋ยวต้มยำฅนละโว้,,noodles,0.80
392,เม้งโภชนา,,default,0.00
393,ครัวบ้านกังหัน,,default,0.00
394,ร้านลุงเหน่งอาหารป่า(ติดถนนคลอง10),,default,0.00
395,ร้านอาหารเตยหอม กะเพราไส้แตก,,default,0.00
396,ร้านเจี๊ยบ (เจ้าเก่า) กระทุ่มแบน,,default,0.00
397,บ้านชิดลมบางปู,,default,0.00
398,คำปา อาหารเหนือ,,default,0.00
399,ร้านก๋วยเตี๋ยวเรือสองตอน,,noodles,0.80
400,บ้านปายนา,,default,0.00
401,ร้านอาหารใต้ บ้านฉลอง,,default,0.00
402,ข้าวมันไก่นายโอชิน อร่อยมาก,,default,0.00
403,ติ๊กโภชนา,,default,0.00
404,ป้าเล็กติ๊กต่อก ตามสั่ง ข้าวบึ้มมมมม,,default,0.00
405,บ้านสวยในสวน,,default,0.00
406,ปานชีวา เรสเตอรองท์ แอนด์ คาเฟ่,,cafe,0.80
407,แม่ทองใบ จุดรวมพลคนชอบกิน,,default,0.00
408,ร้านอาหารครัวเพลง (มล พลปราการ),,default,0.00
409,ครัววาสนา,,default,0.00
410,จิ้มจุ่มยักษ์ลำลูกกา,,default,0.00
411,Little dream garden ฝันของพ่อ,,default,0.00
412,Lon Lon Local Diner,,default,0.00
413,Morr - Meat on the roof (yakiniku),,bbq,1.00
414,ร้านน้องนก ซีฟู้ด,,seafood,1.00
415,ยอดลาบเป็ดอุดร,,default,0.00
416,บ้านเกด by บ้านแซ่บวังหลัง สาขาตลิ่งชัน,,default,0.00
417,ร้านอาหารบ้านสวน,,default,0.00
418,So Good Gourmet,,default,0.00
419,ครัวปัณฑารีย์,,default,0.00
420,โจ๊กสามย่าน แคราย (ปากซอยงามวงศ์วาน 4),,default,0.00
421,ร้าน ๒๔ โภชนา,,default,0.00
422,90 Bar & Bistro LKB,,default,0.00
423,ครัวเอื้ออาทร,,default,0.00
424,อ่อนนุช 35 ข้าวถ้วย,,default,0.00
425,เจ๊ณี ข้าวต้มแปดริ้ว รามคำแหง19/1,,default,0.00
426,ครัวเจียงใหม่ - ทองหล่อ,,default,0.00
427,GOODY CHIC,,default,0.00
428,ครัวบ้านเลซีฟู้ด (By เชฟนะ),,seafood,0.80
429,ครัวบ้านสวนข้าวหมกไก่,,default,0.00
430,อาหารตามสั่ง ป้อมตำรวจลานฟ้า,,default,0.00
431,ครัวหน้าหมี,,default,0.00
432,อ้วนทรงไทย ร้านอาหาร & รีสอร์ท,,default,0.00
433,มิรู้โรย อีทเทอรี่ (Mirooroye Eatery),,default,0.00
434,ครัวดอกไม้ขาว,,default,0.00
435,ริมธารา ซีฟู้ด,,seafood,1.00
436,ครัวชายคลอง,,default,0.00
437,ร้านนิยมเส้น สาขาหนองจอก حلال‎,,default,0.00
438,ครัวเมืองเว้ ลาว ญวน ลาดกระบัง,,default,0.00
439,อาหารชาวใต้ สำลี,,default,0.00
440,ครัวตานุโพธิ์ทอง,,default,0.00
441,ร้านอาหาร อีสานนายเทน,,default,0.00
442,ร้านข้าวมันไก่มาลัยทองโภชนา คลอง 4 ธัญบุรี เปิดมากว่า 32 ปี,,default,0.00
443,ร้านอาหารแบมบู ใหญ่,,default,0.00
444,กะเพราขุนช้าง รัชดา ซอย 3,,default,0.00
445,แจ่วฮ้อนพระยาแล,,default,0.00
446,มันชัน บุฟเฟ่เกาหลี,,default,0.00
447,จุกจุกข้าวมันไก่ (สั่งออนไลน์หรือแวะรับที่ร้าน),,default,0.00
448,บ้านชายเล บางปู - Baan Shine Lay Bang Pu,,default,0.00
449,ร้านครัวแม่อร,,default,0.00
450,ร้านนายโจอาหารทะเลซีฟู้ด,,seafood,0.80
451,"Tikishi Japanese Restaurant , ทีกิชิ",,default,0.00
452,สายลมจอย ซอย ๑,,default,0.00
453,รวยริน ข้าวแฝ่โบราณ,,default,0.00
454,ร้าน เทียนหลงสุกี้สายพาน,,shabu,0.80
455,สินาท อาหารเจ,,default,0.00
456,มหาชัยกรีนฟู้ดส์,,default,0.00
457,ครัวขุนสมุทรจีน ซีฟู๊ด,,default,0.00
458,Tanwa : the Food Project HQ,,default,0.00
459,โรงเตี้ยม บางปู อาหาร-เครื่องดืม,,default,0.00
460,ร้านต้มเลือดหมูเจ๊ไน้,,default,0.00
461,Eatter อีสเต๊อะ อาหารคนเมือง,,default,0.00
462,เนี๊ยะสุกี้ สาขา ศาลายา,,shabu,0.80
463,ร้านปูสดพระสมุทร​เจดีย์​,,default,0.00
464,แหนมเนืองคุณนิด,,default,0.00
465,อู๊ดเย็นตาโฟ,,default,0.00
466,ร้านสากตำอร่อย,,default,0.00
467,Tonthong Restaurant - ร้านอาหารต้นทอง,,default,0.00
468,ร้านอาหารแกงป่า ลุงสง่า,,default,0.00
469,ระเบียงเคียงน้ำ 77,,default,0.00
470,สิมิลันโภชนา,,default,0.00
471,ยุ้ยต้มยำ ตำแซ่บ,,default,0.00
472,ข้าวต้มฉลองชัย,,default,0.00
473,วิวทิวไม้ ซีฟู้ด,,seafood,1.00
474,โจ๊กสะพานใหม่,,default,0.00
475,Music Square,,default,0.00
476,แซ่บคักๆ,,default,0.00
477,ครัวลุงแกละ,,default,0.00
478,จานเดียว @hOMe,,default,0.00
479,ข้าวแกงเปิดหม้อ สาขาประชาอุทิศ 90,,default,0.00
480,เหลาริมทาง By เชฟเดช สาขา ราชพฤกษ์,,default,0.00
481,สวนอาหาร บ้านอิงน้ำ,,default,0.00
482,ครัววาสนา ซีฟู้ด,,seafood,1.00
483,ชอบ,,default,0.00
484,BACK 90's,,default,0.00
485,ครัวแล้วแต่คุณ Up to u cafe,,cafe,1.00
486,ร้านป้าปุ๊ย,,default,0.00
487,ร้านอาหารแมวน้ำ,,default,0.00
488,ครัวท่าเรือเมืองกาญ สาขา ศาลายา,,default,0.00
489,ฌิม คาเฟ่&เรสเตอร์รอง,,cafe,0.80
490,ครัวบ้าน 3 ออ,,default,0.00
491,ร้านอาหารลงแพ หรือ @บางขวด,,default,0.00
492,ร้านป้าแหว๋ว,,default,0.00
493,Vegan Garden ร้านอาหารเจ - มังสวิรัติ คาเฟ่ คลอง4 ลำลูกกา,,cafe,0.80
494,ครัวคุณชม,,default,0.00
495,ครัวแถวบ้านอาหารตามสั่ง,,default,0.00
496,ร้านตี๋อ้วนโภชนา,,default,0.00
497,ติดมันส์ บุฟเฟ่ต์ปิ้งย่างกระทะร้อน สาขาบางบัวทอง,,bbq,0.80
498,กาลครั้งหนึ่ง,,default,0.00
499,ร้านอาหารจีน เกี๊ยว เหลียว หนิง,,default,0.00
500,ข้าวคัพ,,default,0.00
501,รสนะคอน ไก่ทอด ชาใต้ อาหารใต้,,fried_chicken,1.00
502,เดอะตี๋ ล้านลาภ101,,default,0.00
503,MASA GARDEN by SUKI MASA,,default,0.00
504,ครัวท่าเรือ สาขาทุ่งมังกร,,default,0.00
505,ร้าน ตุ้มอร่อย คาเฟ่ Toomaroi Café,,cafe,0.80
506,Kin Len Len ร้านกินเล่นเล่น ซอยมังกร,,default,0.00
507,บ้านชิมก่อนเติม ตระกูลโภชนา,,default,0.00
508,BBC : Big Black Cat -Kushiyaki -,,default,0.00
509,ครัวคุณน้อง,,default,0.00
510,ร้านกุ้งเผา​อยุธยา ถนนคู้บอน กรุงเทพฯ,,default,0.00
511,ครัวระเบียงน้ำ,,default,0.00
512,ร้านครัวนายหัว ซอยมหาดไทย,,default,0.00
513,ร้านอาหารบ้านเรา,,default,0.00
514,โจ๊กสยาม ลาซาล,,default,0.00
515,Dhana x Flavourite,,default,0.00
516,Mitt Restaurant & Space : มิตร อารีย์,,default,0.00
517,คัทซึชิน สาขา สุรวงศ์,,default,0.00
518,ครัวแม่แช่ม,,default,0.00
