cluster_id,canonical_restaurant,raw_restaurant_name,canonical_freq,raw_freq,location_name,proposed,accept
1,BIG APPETITE,BIG APPETITE,17,17,,1,1
1,BIG APPETITE,Big Appetite,17,5,,1,0
2,ติ่งไท้ฝู ต้นตำรับ • รามคำแหง,ติ้งไท้ฝู ต้นตำรับ • รามคำแหง,9,1,,1,0
2,ติ่งไท้ฝู ต้นตำรับ • รามคำแหง,ติ่งไท้ฝู ต้นตำรับ • รามคำแหง,9,9,,1,1
3,เสี่ยวเปา ติ่มซำ,เสี่ยวเปา ติ่มซำ,9,9,,1,1
3,เสี่ยวเปา ติ่มซำ,เสี่ยวเปา ติ่มซำ(),9,3,,1,0
4,แนแน บาร์บีคิว บุฟเฟต์อาหารเกาหลี (รัชดา),แนแน บาร์บีคิว บุฟเฟต์อาหารเกาหลี (รัชดา),113,113,,1,1
4,แนแน บาร์บีคิว บุฟเฟต์อาหารเกาหลี (รัชดา),แนแน บาร์บีคิว บุฟเฟ่ต์อาหารเกาหลี (รัชดา),113,3,,1,0
5,Baan Ajarn Thai Restaurant,Baan Ajarn Thai Restaurant,134,134,,1,1
5,Baan Ajarn Thai Restaurant,Baan Ajarn Thai Restaurant.,134,9,,1,0
6,Jones' Salad สาขา Lotus's North Ratchapruek (โลตัส นอร์ธ ราชพฤกษ์),Jones' Salad สาขา Lotus's North Ratchapruek (โลตัส นอร์ธ ราชพฤกษ์),15,15,,1,1
7,Duo Cucina Muangthong Thani,Duo Cucina Muangthong Thani,16,16,,1,1
8,Unknown,Unknown,370,370,,1,1
9,ร้านริมเขื่อนซีฟู้ด(ร้านกลาง) เจ้าเก่า,ร้านริมเขื่อนซีฟู้ด(ร้านกลาง) เจ้าเก่า,164,164,,1,1
10,ปาเต๊ะ ห้าแยกลาดพร้าว,ปาเต๊ะ ห้าแยกลาดพร้าว,50,50,,1,1
11,ครัวป้าวี,ครัวป้าวี,37,37,,1,1
12,ดูเร,ดูเร,110,110,,1,1
13,ร้านอาหารอีสาน เป็นตาแซ่บ สถานีหลักหก,ร้านอาหารอีสาน เป็นตาแซ่บ สถานีหลักหก,25,25,,1,1
14,สำรับ​กับข้าว​99,สำรับ​กับข้าว​99,67,67,,1,1
15,ครัวบ้านเจ้าพระยา,ครัวบ้านเจ้าพระยา,55,55,,1,1
16,กลับนครฯ (ร่มเกล้า),กลับนครฯ (ร่มเกล้า),44,44,,1,1
17,Nuakak Nawamin 87 - นัวคัก นวมินทร์87,Nuakak Nawamin 87 - นัวคัก นวมินทร์87,9,9,,1,1
18,Farm Mu Cafe,Farm Mu Cafe,35,35,,1,1
19,ชิลล์ 87,ชิลล์ 87,13,13,,1,1
20,อภิรมย์ สวนอาหาร และ โฮมสเตย์,อภิรมย์ สวนอาหาร และ โฮมสเตย์,7,7,,1,1
21,Brasserie 9,Brasserie 9,33,33,,1,1
22,Amorn Lake Front ร้านอาหาร ริมทะเลสาบ สัมมากร,Amorn Lake Front ร้านอาหาร ริมทะเลสาบ สัมมากร,22,22,,1,1
23,ไถนา,ไถนา,19,19,,1,1
24,สามเสนวิลล่า - ราชพฤกษ์​,สามเสนวิลล่า - ราชพฤกษ์​,19,19,,1,1
25,จั๊กหน่อย,จั๊กหน่อย,49,49,,1,1
26,Wang-Chill,Wang-Chill,3,3,,1,1
27,ร้านอาหารแดมพ์ซี่ Dempsey Restaurant,ร้านอาหารแดมพ์ซี่ Dempsey Restaurant,2,2,,1,1
28,G2Connect,G2Connect,1,1,,1,1
29,ข้าวหมกไก่สยาม สวนสมเด็จฯ,ข้าวหมกไก่สยาม สวนสมเด็จฯ,16,16,,1,1
30,Chinese restaurant,Chinese restaurant,7,7,,1,1
31,ครัวสามสมุทร,ครัวสามสมุทร,7,7,,1,1
32,ยอดลาบเป็ดอุดร (คลอง 4 ลำลูกกา),ยอดลาบเป็ดอุดร (คลอง 4 ลำลูกกา),13,13,,1,1
33,โคซี่สเปซคาเฟ่,โคซี่สเปซคาเฟ่,8,8,,1,1
34,โซแมก พญาไท,โซแมก พญาไท,3,3,,1,1
35,โอ๊คแลนด์ คาเฟ่ เอ็กซ์ เรสเทอรองค์,โอ๊คแลนด์ คาเฟ่ เอ็กซ์ เรสเทอรองค์,6,6,,1,1
36,สไปซี่คัก ริมน้ำ by อำแดงไต้ฝุ่น,สไปซี่คัก ริมน้ำ by อำแดงไต้ฝุ่น,15,15,,1,1
37,ร้านอาหารญี่ปุ่น นัมบะ756,ร้านอาหารญี่ปุ่น นัมบะ756,4,4,,1,1
38,ร้านป้าสุนทร กุ้งเหยียด,ร้านป้าสุนทร กุ้งเหยียด,10,10,,1,1
39,ครัวโบราณบันเทิง,ครัวโบราณบันเทิง,14,14,,1,1
40,ร้านอาหาร วิน แอนด์ เวฟ,ร้านอาหาร วิน แอนด์ เวฟ,13,13,,1,1
41,บ้านบนบัว Baan Bon Bua,บ้านบนบัว Baan Bon Bua,3,3,,1,1
42,ครัวเมืองไม้ ใน วู้ดแลนด์เมืองไม้,ครัวเมืองไม้ ใน วู้ดแลนด์เมืองไม้,2,2,,1,1
43,ครัวเสือดำ อาหารป่า,ครัวเสือดำ อาหารป่า,6,6,,1,1
44,ร้านอาหารจีน(เสฉวน)(ปิ้งย่างหมาล่า),ร้านอาหารจีน(เสฉวน)(ปิ้งย่างหมาล่า),1,1,,1,1
45,ร้านข้าวต้มเจ๊แต๋ม ข้างสระว่ายน้ำซิตี้พาร์ค,ร้านข้าวต้มเจ๊แต๋ม ข้างสระว่ายน้ำซิตี้พาร์ค,1,1,,1,1
46,แซ่บวัน รัชดา ซอย 5,แซ่บวัน รัชดา ซอย 5,12,12,,1,1
47,โค ลิมิเต็ด สาขาเวลา (หลังสวน),โค ลิมิเต็ด สาขาเวลา (หลังสวน),29,29,,1,1
48,แจ่วฮ้อนร้อยเอ็ด​สุนทร,แจ่วฮ้อนร้อยเอ็ด​สุนทร,37,37,,1,1
49,บ้านลมโชย,บ้านลมโชย,21,21,,1,1
50,ปลูกกับปรุง ' บ้าน•สวน•ครัว,ปลูกกับปรุง ' บ้าน•สวน•ครัว,4,4,,1,1
51,ครัวปลายทาง,ครัวปลายทาง,7,7,,1,1
52,มาลองแด๊ก สาขา ถนน 345,มาลองแด๊ก สาขา ถนน 345,17,17,,1,1
53,มาลองแด๊ก สาขา ถนน 345 (Malongdag),มาลองแด๊ก สาขา ถนน 345 (Malongdag),2,2,,1,1
54,ร้านรสทิพย์ ข้าวขาหมู,ร้านรสทิพย์ ข้าวขาหมู,68,68,,1,1
55,ข้าวต้ม OT,ข้าวต้ม OT,34,34,,1,1
56,Naruemon Suki House,Naruemon Suki House,19,19,,1,1
57,ร้านมันส์กุ้ง​ เบียร์การ์เด้น,ร้านมันส์กุ้ง​ เบียร์การ์เด้น,12,12,,1,1
58,นายแอร์ หมูจุ่มสาขา 1,นายแอร์ หมูจุ่มสาขา 1,51,51,,1,1
59,นัดนัว สุวรรณภูมิ Nud Nua,นัดนัว สุวรรณภูมิ Nud Nua,12,12,,1,1
60,กระทะร้อน & สเต็กลุงกว้าง,กระทะร้อน & สเต็กลุงกว้าง,4,4,,1,1
61,บ้านเพ็ญ สุกี้&กุ้งอบวุ้นเส้น,บ้านเพ็ญ สุกี้&กุ้งอบวุ้นเส้น,39,39,,1,1
62,จิ้มจุ่มคุณศรี-หมูกระทะ อาหารไทยอีสาน,จิ้มจุ่มคุณศรี-หมูกระทะ อาหารไทยอีสาน,36,36,,1,1
63,ณ ดอยหนอก - สายไหม • Na Doi Norg - SaiMai,ณ ดอยหนอก - สายไหม • Na Doi Norg - SaiMai,1,1,,1,1
64,Kanika Bar & Restaurant,Kanika Bar & Restaurant,3,3,,1,1
65,บางหว้าขาหมู สาขาเอกชัย,บางหว้าขาหมู สาขาเอกชัย,49,49,,1,1
66,สุกี้ตี๋น้อย บิ๊กซีเพชรเกษม,สุกี้ตี๋น้อย บิ๊กซีเพชรเกษม,5,5,,1,1
67,คุณปลื้ม,คุณปลื้ม,4,4,,1,1
68,ครัวหมอหวัง by บารอกัต,ครัวหมอหวัง by บารอกัต,1,1,,1,1
69,ก๋วยเตี๋ยวเรือบัวนา,ก๋วยเตี๋ยวเรือบัวนา,23,23,,1,1
70,บิ๊กบอส เมี่ยงปลาเผา,บิ๊กบอส เมี่ยงปลาเผา,3,3,,1,1
71,ร้านอาหาร พาชวนชิม,ร้านอาหาร พาชวนชิม,35,35,,1,1
72,ร้านอาหารบ้านพริกสวน,ร้านอาหารบ้านพริกสวน,33,33,,1,1
73,ครัวคุณเรศ,ครัวคุณเรศ,15,15,,1,1
74,The 3 Us ปากเกร็ด,The 3 Us ปากเกร็ด,3,3,,1,1
75,Farm table restaurant,Farm table restaurant,33,33,,1,1
76,ยุพาอาหารเวียดนาม,ยุพาอาหารเวียดนาม,5,5,,1,1
77,ครัว มานา นาดา,ครัว มานา นาดา,3,3,,1,1
78,ร้านอาหารลมพันท้าย,ร้านอาหารลมพันท้าย,36,36,,1,1
79,บุหลันดั้นเมฆ,บุหลันดั้นเมฆ,1,1,,1,1
80,ร้านต้นไทร ร้านอาหาร,ร้านต้นไทร ร้านอาหาร,25,25,,1,1
81,Madamzabb,Madamzabb,22,22,,1,1
82,ร้านใบตองแกงป่า,ร้านใบตองแกงป่า,17,17,,1,1
83,ร้านลาบเวียงจันทน์ by กบโปงลางสะออน,ร้านลาบเวียงจันทน์ by กบโปงลางสะออน,14,14,,1,1
84,เคียงเดือน,เคียงเดือน,12,12,,1,1
85,Kenshiro Izakaya ( เคนชิโร่ อิซากายะ),Kenshiro Izakaya ( เคนชิโร่ อิซากายะ),9,9,,1,1
86,HoneyHouse Thai Cuisine ร้านอาหารไทย ฮันนี่เฮ้าส์,HoneyHouse Thai Cuisine ร้านอาหารไทย ฮันนี่เฮ้าส์,15,15,,1,1
87,Nakama izakaya,Nakama izakaya,16,16,,1,1
88,เจ๊ดาวซีฟู้ด อาหารทะเลสดอร่อยร้านแนะนำ ราคาเบาๆ,เจ๊ดาวซีฟู้ด อาหารทะเลสดอร่อยร้านแนะนำ ราคาเบาๆ,11,11,,1,1
89,ร้านอาหารรสสุคนธ์,ร้านอาหารรสสุคนธ์,25,25,,1,1
90,Ivory Coast Almond Restaurant & Chill Bar,Ivory Coast Almond Restaurant & Chill Bar,22,22,,1,1
91,คุงโภชนากรุงเทพกรีฑา22,คุงโภชนากรุงเทพกรีฑา22,18,18,,1,1
92,ร้านอีสานเดิม สุวรรณภูมิ,ร้านอีสานเดิม สุวรรณภูมิ,30,30,,1,1
93,ร้านอาหารป่าริมคลอง,ร้านอาหารป่าริมคลอง,8,8,,1,1
94,ร้านอาหารเจ๊จุ๋ม สาขาลูก,ร้านอาหารเจ๊จุ๋ม สาขาลูก,5,5,,1,1
95,ร้านอาหารเจ๊จุ๋ม สาขาลูก (Bang Kachao Restaurant),ร้านอาหารเจ๊จุ๋ม สาขาลูก (Bang Kachao Restaurant),1,1,,1,1
96,ก๊วยเตี๋ยวเรือ พ.พวง สาขาตลาดแสงทองพลาซ่า,ก๊วยเตี๋ยวเรือ พ.พวง สาขาตลาดแสงทองพลาซ่า,11,11,,1,1
97,โต้ง บักกุ๊ดเต๋,โต้ง บักกุ๊ดเต๋,2,2,,1,1
98,อ่างศิลาบางนา ซีฟู๊ด (ปากซอย หมู่บ้านกฤษดานคร 21),อ่างศิลาบางนา ซีฟู๊ด (ปากซอย หมู่บ้านกฤษดานคร 21),26,26,,1,1
99,ส้มตำเด็ด ร้านครกใหญ่ นวลจันทร์,ส้มตำเด็ด ร้านครกใหญ่ นวลจันทร์,19,19,,1,1
100,ร้านอาหาร ณ ชมทุ่ง ริมคลอง,ร้านอาหาร ณ ชมทุ่ง ริมคลอง,8,8,,1,1
101,ร้านอาหาร​เชน ​​(บ้านสวนพุด),ร้านอาหาร​เชน ​​(บ้านสวนพุด),8,8,,1,1
102,ไทบ้านอินดี้สาย4,ไทบ้านอินดี้สาย4,2,2,,1,1
103,Palm’s by ครัวสวนปาล์ม,Palm’s by ครัวสวนปาล์ม,17,17,,1,1
104,แซ่บสะแแด่ว,แซ่บสะแแด่ว,14,14,,1,1
104,แซ่บสะแแด่ว,แซ่บสะแด่ว,14,6,,1,0
105,Elder and Better,Elder and Better,4,4,,1,1
106,ร้านอาหาร ตี้ โซ คูล Tee So Cool Meeting & Restaurant,ร้านอาหาร ตี้ โซ คูล Tee So Cool Meeting & Restaurant,14,14,,1,1
107,ครบรส ลาดปลาดุก,ครบรส ลาดปลาดุก,25,25,,1,1
108,ร้านโพธิ์ทะเล,ร้านโพธิ์ทะเล,27,27,,1,1
109,บ้านหลี ซีฟู้ด,บ้านหลี ซีฟู้ด,28,28,,1,1
110,ครัวมุมสวน,ครัวมุมสวน,3,3,,1,1
111,เลอ เบียง,เลอ เบียง,28,28,,1,1
112,Madame Chill Cafe & Bistro,Madame Chill Cafe & Bistro,2,2,,1,1
113,Suki​camp​ safari,Suki​camp​ safari,9,9,,1,1
114,ร้านข้าวต้มครัวเจ้านาย,ร้านข้าวต้มครัวเจ้านาย,6,6,,1,1
115,เคี้ยงเยาวราช บางบัวทอง,เคี้ยงเยาวราช บางบัวทอง,10,10,,1,1
116,ร้านละอองน้ำ,ร้านละอองน้ำ,1,1,,1,1
117,ครัว 152,ครัว 152,12,12,,1,1
118,ต๊ะต่อนยอน อาหารเหนือ (นวลจันทร์),ต๊ะต่อนยอน อาหารเหนือ (นวลจันทร์),15,15,,1,1
119,เมืองลุง หรอยแรง,เมืองลุง หรอยแรง,8,8,,1,1
120,สะดวกยำ @พันท้าย สมุทรสาคร,สะดวกยำ @พันท้าย สมุทรสาคร,3,3,,1,1
121,korean Kitchen ปิ้งย่างเกาหลี,korean Kitchen ปิ้งย่างเกาหลี,23,23,,1,1
122,อิจโจ่เกี๊ยวซ่า (ITCHOGYOZA),อิจโจ่เกี๊ยวซ่า (ITCHOGYOZA),5,5,,1,1
123,อิจโจ่เกี๊ยวซ่า,อิจโจ่เกี๊ยวซ่า,1,1,,1,1
124,ร้าน ลึกหน่อย อร่อยแน่,ร้าน ลึกหน่อย อร่อยแน่,14,14,,1,1
125,ครัวเมืองชุมแพ,ครัวเมืองชุมแพ,30,30,,1,1
126,ครัวต้นคูณ,ครัวต้นคูณ,16,16,,1,1
127,อาเปาคิตช์,อาเปาคิตช์,11,11,,1,1
128,อาอ้วน สเต็ก&ไทยฟู้ด,อาอ้วน สเต็ก&ไทยฟู้ด,17,17,,1,1
129,ครัวศรแดง,ครัวศรแดง,67,67,,1,1
130,ร้านปรุงสารพัด สำนักพระราชวัง,ร้านปรุงสารพัด สำนักพระราชวัง,29,29,,1,1
131,ครัวกระแต,ครัวกระแต,47,47,,1,1
132,มาชิตะGrill กาญจนาภิเษก,มาชิตะGrill กาญจนาภิเษก,25,25,,1,1
133,กะเพรากลางสวน(กะเพราบ้านสวน),กะเพรากลางสวน(กะเพราบ้านสวน),6,6,,1,1
134,ร้านตำตำ บายตาต้า ธิดาครกทอง,ร้านตำตำ บายตาต้า ธิดาครกทอง,3,3,,1,1
135,หล่อเลี้ยงฟาร์ม Cafe&Cuisine,หล่อเลี้ยงฟาร์ม Cafe&Cuisine,7,7,,1,1
136,ห้องอาหารเก็จแก้ว,ห้องอาหารเก็จแก้ว,9,9,,1,1
137,ฝากมารุม สาขา 5 พุทธมณฑลสาย 4,ฝากมารุม สาขา 5 พุทธมณฑลสาย 4,3,3,,1,1
138,แคทส้มตำ จิ้มจุ่ม อาหารอีสาน บางใหญ่ สาขา 1,แคทส้มตำ จิ้มจุ่ม อาหารอีสาน บางใหญ่ สาขา 1,26,26,,1,1
139,Wine Port & clubhouse,Wine Port & clubhouse,9,9,,1,1
140,เชจู สเตชั่น JEJU Station,เชจู สเตชั่น JEJU Station,4,4,,1,1
141,Bungalow River,Bungalow River,2,2,,1,1
142,ร้าน เสบียง กุ้งเผา (คลองโยง) { ปิดทุกวันพระ },ร้าน เสบียง กุ้งเผา (คลองโยง) { ปิดทุกวันพระ },48,48,,1,1
143,ลาบยโส เจ๊ขาวคลอง4,ลาบยโส เจ๊ขาวคลอง4,16,16,,1,1
144,ร้าน เสบียง กุ้งเผา (คลองโยง),ร้าน เสบียง กุ้งเผา (คลองโยง),1,1,,1,1
145,ร้านอาหารครัวบ้านใหม่,ร้านอาหารครัวบ้านใหม่,7,7,,1,1
146,ลายยโส บางนา-ตราด กม.27,ลายยโส บางนา-ตราด กม.27,2,2,,1,1
147,บ้านระเบียงบึง Restaurant,บ้านระเบียงบึง Restaurant,19,19,,1,1
148,ข้าวแกงแม่เล็ก,ข้าวแกงแม่เล็ก,6,6,,1,1
149,ร้าน อาหารบ้านแม่,ร้าน อาหารบ้านแม่,1,1,,1,1
150,ครัวริมทะเล,ครัวริมทะเล,17,17,,1,1
151,The LOFT Eatery&Bar,The LOFT Eatery&Bar,6,6,,1,1
152,สเต๊กตัวน้ำ โดย ป้าแก้ว คลองหลอด,สเต๊กตัวน้ำ โดย ป้าแก้ว คลองหลอด,7,7,,1,1
153,ครัวบ้านไทร,ครัวบ้านไทร,14,14,,1,1
154,ครัวคุณอิ้น รัชดา32,ครัวคุณอิ้น รัชดา32,29,29,,1,1
155,เตียกุ่ยฮวดก๋วยเตี๋ยวเป็ด บางนาตราด กม.19 (Tiaguihuad restaurant),เตียกุ่ยฮวดก๋วยเตี๋ยวเป็ด บางนาตราด กม.19 (Tiaguihuad restaurant),6,6,,1,1
156,ร้านอาหารข้าวสุข By flower cafe,ร้านอาหารข้าวสุข By flower cafe,10,10,,1,1
157,เตียกุ่ยฮวดก๋วยเตี๋ยวเป็ด บางนาตราด กม.19,เตียกุ่ยฮวดก๋วยเตี๋ยวเป็ด บางนาตราด กม.19,44,44,,1,1
158,ปลายนา คาเฟ่ ไทรน้อย,ปลายนา คาเฟ่ ไทรน้อย,3,3,,1,1
159,Nanoni Italian Fusion,Nanoni Italian Fusion,2,2,,1,1
160,สิริ ริว่า,สิริ ริว่า,9,9,,1,1
161,ศาลาสุขใจ,ศาลาสุขใจ,11,11,,1,1
162,ร้านรถเสบียง,ร้านรถเสบียง,21,21,,1,1
163,Fah Mai cafe’ and Bistro,Fah Mai cafe’ and Bistro,19,19,,1,1
164,Hops and Hope craft bar,Hops and Hope craft bar,12,12,,1,1
165,ละอ่อนน้ำเงี้ยวอาหารเหนือ,ละอ่อนน้ำเงี้ยวอาหารเหนือ,38,38,,1,1
166,YONAKA IZAKAYA  ร้านอาหารญี่ปุ่น อิซากายะ ลาดพร้าว,YONAKA IZAKAYA  ร้านอาหารญี่ปุ่น อิซากายะ ลาดพร้าว,19,19,,1,1
167,Auntie Kai's Kitchen,Auntie Kai's Kitchen,3,3,,1,1
168,ห้องอาหารมาลัย,ห้องอาหารมาลัย,45,45,,1,1
169,ป้อนมั้ย,ป้อนมั้ย,175,175,,1,1
170,ข้าวต้มอันดา ตลาดเรือบิน เด็ดสุดในย่านนี้,ข้าวต้มอันดา ตลาดเรือบิน เด็ดสุดในย่านนี้,1,1,,1,1
171,ครัวริมคลอง,ครัวริมคลอง,44,44,,1,1
172,สวนอาหารซุ้มไผ่ เรโทร บางแวก 83,สวนอาหารซุ้มไผ่ เรโทร บางแวก 83,35,35,,1,1
173,เดอะบริค ท่าอิฐ The Brick Tha-it,เดอะบริค ท่าอิฐ The Brick Tha-it,11,11,,1,1
174,ร้านตำอินดี้,ร้านตำอินดี้,21,21,,1,1
175,ง. ง้วน ครัวบ้านริมน้ำ,ง. ง้วน ครัวบ้านริมน้ำ,45,45,,1,1
176,ครัวบ้านวัง,ครัวบ้านวัง,54,54,,1,1
177,ครัวป้าสวน ชวนแซ่บ อร่อยในตำนาน,ครัวป้าสวน ชวนแซ่บ อร่อยในตำนาน,19,19,,1,1
178,ครัวมุกดาหาร,ครัวมุกดาหาร,8,8,,1,1
179,ทิพวรรณ ร้านอาหารเวียดนาม สาขาบางเขน,ทิพวรรณ ร้านอาหารเวียดนาม สาขาบางเขน,8,8,,1,1
180,ร้านป้าอู๊ด,ร้านป้าอู๊ด,6,6,,1,1
181,Eat Around Kitchen (อาหารไทย/ยุโรป/อีสาน ฟิวชั่น),Eat Around Kitchen (อาหารไทย/ยุโรป/อีสาน ฟิวชั่น),18,18,,1,1
182,ครัวบ้านอ้อ ราม157,ครัวบ้านอ้อ ราม157,4,4,,1,1
183,ร้านอาหารนกนุ่นซีฟูดส์,ร้านอาหารนกนุ่นซีฟูดส์,11,11,,1,1
184,ธรรมชาติโอชา,ธรรมชาติโอชา,12,12,,1,1
185,เทส ออฟ อินเดีย ร้านอาหาร,เทส ออฟ อินเดีย ร้านอาหาร,6,6,,1,1
186,Absorn Thai Bistro ครัวอัปสรประตูผี,Absorn Thai Bistro ครัวอัปสรประตูผี,38,38,,1,1
187,ร้านกินกับจาบ้อ,ร้านกินกับจาบ้อ,4,4,,1,1
188,ครัวมัทนา,ครัวมัทนา,13,13,,1,1
189,อร่อยวังหิน,อร่อยวังหิน,10,10,,1,1
190,แม่ปะดิ ปากหม้อญวนก๋วยจั๊บญวน,แม่ปะดิ ปากหม้อญวนก๋วยจั๊บญวน,9,9,,1,1
191,ร้านarea9cafeลำลูกกาคลอง7,ร้านarea9cafeลำลูกกาคลอง7,2,2,,1,1
192,ร้านฤกษ์เหล้า เทียนดัด สวนอาหาร&บ่อตกกุ้ง,ร้านฤกษ์เหล้า เทียนดัด สวนอาหาร&บ่อตกกุ้ง,1,1,,1,1
193,ครัวมะลิแกงใต้ หรอยจังฮู้,ครัวมะลิแกงใต้ หรอยจังฮู้,7,7,,1,1
194,ร้านครัวชมสวน,ร้านครัวชมสวน,11,11,,1,1
195,ร้านแม่จันทร์ฟอง,ร้านแม่จันทร์ฟอง,26,26,,1,1
196,ร้านโกบู้ รสซิ่ง สาขา1,ร้านโกบู้ รสซิ่ง สาขา1,26,26,,1,1
197,ร้านอาหารเต่าทอง พระสมุทรเจดีย์,ร้านอาหารเต่าทอง พระสมุทรเจดีย์,13,13,,1,1
198,ร้านสวนหลังบ้าน (นนทบุรี)​,ร้านสวนหลังบ้าน (นนทบุรี)​,31,31,,1,1
199,เจ้าสัว69,เจ้าสัว69,5,5,,1,1
200,ต๋องริมทาง@สาย4,ต๋องริมทาง@สาย4,54,54,,1,1
201,ร้านครัวเรือบิน,ร้านครัวเรือบิน,3,3,,1,1
202,เจ้มดเมืองลุง,เจ้มดเมืองลุง,6,6,,1,1
203,สนุกกินถิ่นสิบสอง,สนุกกินถิ่นสิบสอง,2,2,,1,1
204,ตำซั่วเส้นสด,ตำซั่วเส้นสด,5,5,,1,1
205,โฮงลาบ ลาดกระบัง,โฮงลาบ ลาดกระบัง,9,9,,1,1
206,Uncle Chef Thai Fusion Restaurant,Uncle Chef Thai Fusion Restaurant,18,18,,1,1
207,ฟาตินชิ้นสะดุ้ง,ฟาตินชิ้นสะดุ้ง,30,30,,1,1
208,ครัวเมืองตรัง นายปืน,ครัวเมืองตรัง นายปืน,6,6,,1,1
209,คุณเอียดชาววัง & ANYA Cafe,คุณเอียดชาววัง & ANYA Cafe,5,5,,1,1
210,โตเกียวชิ อิซากายะ,โตเกียวชิ อิซากายะ,1,1,,1,1
211,โตเกียวชิ อิซากายะ (Tokyoshi Izakaya),โตเกียวชิ อิซากายะ (Tokyoshi Izakaya),1,1,,1,1
212,สะไบมอญ,สะไบมอญ,5,5,,1,1
213,สเต็กบางพลู@Little Cafe'บางบัวทอง,สเต็กบางพลู@Little Cafe'บางบัวทอง,4,4,,1,1
214,ร้านอาหารจีน ญ Chay พุทธมณฑลสาย 1,ร้านอาหารจีน ญ Chay พุทธมณฑลสาย 1,10,10,,1,1
215,เฮือนของพ่อ My Daddy's Home,เฮือนของพ่อ My Daddy's Home,19,19,,1,1
216,นิยมแซ่บ ณ ศาลายา,นิยมแซ่บ ณ ศาลายา,19,19,,1,1
217,BONA,BONA,70,70,,1,1
218,ไก่ย่าง สุภาพร,ไก่ย่าง สุภาพร,41,41,,1,1
219,ร้านบ้านยายเวียง,ร้านบ้านยายเวียง,34,34,,1,1
220,โอกินาว่า คินโจ,โอกินาว่า คินโจ,26,26,,1,1
221,หรงหวา ก๋วยเตี๋ยวคั่วไก่,หรงหวา ก๋วยเตี๋ยวคั่วไก่,25,25,,1,1
222,ร้านยายเดือนเคหะร่มเกล้า,ร้านยายเดือนเคหะร่มเกล้า,2,2,,1,1
223,ห้องอาหารแพรว Praew Restaurant,ห้องอาหารแพรว Praew Restaurant,23,23,,1,1
224,ร้านอาหารบ้านณัชชา ริมน้ำท่าจีน นครชัยศรี,ร้านอาหารบ้านณัชชา ริมน้ำท่าจีน นครชัยศรี,15,15,,1,1
225,อ้อยหวานอาหารไทยโบราณริมน้ำ Aoywaan Riverside Thai Cuisine,อ้อยหวานอาหารไทยโบราณริมน้ำ Aoywaan Riverside Thai Cuisine,24,24,,1,1
226,หมีมีหมี่,หมีมีหมี่,19,19,,1,1
227,ข้าวแกงใต้ริมน้ำ,ข้าวแกงใต้ริมน้ำ,1,1,,1,1
228,ครัวลุงพร ป้าหมวย,ครัวลุงพร ป้าหมวย,8,8,,1,1
229,TASTY HOUSE ชื่อนี้มีแต่ของอร่อย,TASTY HOUSE ชื่อนี้มีแต่ของอร่อย,1,1,,1,1
230,ครัวในวัง,ครัวในวัง,21,21,,1,1
231,ร้านอาหารใต้เมืองภูเก็ต By.เป้,ร้านอาหารใต้เมืองภูเก็ต By.เป้,20,20,,1,1
232,อ่าวบางปู,อ่าวบางปู,11,11,,1,1
233,ร้านข้าวต้มจิดาภา,ร้านข้าวต้มจิดาภา,33,33,,1,1
234,โคตรหมูริมน้ำ,โคตรหมูริมน้ำ,23,23,,1,1
235,ร้านอาหาร เรือนริมคลอง9,ร้านอาหาร เรือนริมคลอง9,6,6,,1,1
236,อาหารป่าบางเดื่อ,อาหารป่าบางเดื่อ,30,30,,1,1
237,ร้านสูน หมูแดง คลอง7 @ ธัญบุรี รังสิต,ร้านสูน หมูแดง คลอง7 @ ธัญบุรี รังสิต,35,35,,1,1
238,ตลาดชัชวาล คลอง 7,ตลาดชัชวาล คลอง 7,4,4,,1,1
239,ครัวบ้านลีดา,ครัวบ้านลีดา,1,1,,1,1
240,ร้านอาหาร บ้านเกาะยอ บางปู,ร้านอาหาร บ้านเกาะยอ บางปู,12,12,,1,1
241,Hato shabu,Hato shabu,112,112,,1,1
242,โจ๊กสามย่าน • สรงประภา ดอนเมือง,โจ๊กสามย่าน • สรงประภา ดอนเมือง,9,9,,1,1
243,ร้านข้าวแกงเปิดหม้อ บางขุนเทียน 14,ร้านข้าวแกงเปิดหม้อ บางขุนเทียน 14,13,13,,1,1
244,ครัวบึงพญา,ครัวบึงพญา,18,18,,1,1
245,ข้าวต้มปลา โคตรเก๋า หทัยราษฎร์ 37,ข้าวต้มปลา โคตรเก๋า หทัยราษฎร์ 37,32,32,,1,1
246,ร้าน มหาแซ่บ,ร้าน มหาแซ่บ,5,5,,1,1
247,พาเลทบาร์,พาเลทบาร์,1,1,,1,1
248,ร้านอาหารครัวครูฤทธิ์,ร้านอาหารครัวครูฤทธิ์,5,5,,1,1
249,ครัวพะเยา,ครัวพะเยา,7,7,,1,1
250,Guza Drift izakaya/ ร้าน อาหาร ญี่ปุ่น กุซ่าดริฟฟ อิซากายะ สาขาซาฟารีเวิลด์,Guza Drift izakaya/ ร้าน อาหาร ญี่ปุ่น กุซ่าดริฟฟ อิซากายะ สาขาซาฟารีเวิลด์,1,1,,1,1
251,Bella Casa,Bella Casa,11,11,,1,1
252,อาหารทะเล ซีฟู้ด Tell me cafe & Eatery,อาหารทะเล ซีฟู้ด Tell me cafe & Eatery,4,4,,1,1
253,ฟูกุอิซากายะ,ฟูกุอิซากายะ,8,8,,1,1
254,ลุงแว่นซีฟู้ด,ลุงแว่นซีฟู้ด,23,23,,1,1
255,ซอสามสาย,ซอสามสาย,16,16,,1,1
256,เม้งปูดอง เสรีไทย 27,เม้งปูดอง เสรีไทย 27,12,12,,1,1
257,kabuto22 Japanese restaurant,kabuto22 Japanese restaurant,12,12,,1,1
258,ข้าวแกงป้าทิน,ข้าวแกงป้าทิน,12,12,,1,1
259,ร้านไอตืม คลองด่าน,ร้านไอตืม คลองด่าน,2,2,,1,1
260,คุ้ง คาแนล คาเฟ่,คุ้ง คาแนล คาเฟ่,3,3,,1,1
261,ภ.คิทเช่น ที่สุดของอบวุ้นเส้น Porkitchen,ภ.คิทเช่น ที่สุดของอบวุ้นเส้น Porkitchen,18,18,,1,1
262,อร่อยเหลา,อร่อยเหลา,16,16,,1,1
263,ร้านอาหารบ้านดง,ร้านอาหารบ้านดง,2,2,,1,1
264,บ้านนี้มีรัก,บ้านนี้มีรัก,5,5,,1,1
265,Kwann Restaurant Bangkok,Kwann Restaurant Bangkok,1,1,,1,1
266,ร้านส้มตำลาวลำน้ำพอง ไก่บ้านย่างเขาสวนกวาง ใกล้นิด้า,ร้านส้มตำลาวลำน้ำพอง ไก่บ้านย่างเขาสวนกวาง ใกล้นิด้า,19,19,,1,1
267,ครัวคุณอรซีฟู้ด,ครัวคุณอรซีฟู้ด,30,30,,1,1
268,โจ๊กสามย่าน คลองขวาง,โจ๊กสามย่าน คลองขวาง,10,10,,1,1
269,นุ๊ก สดอร่อย ซีฟู้ด อาหารทะเล ย่านบางบัวทอง นนทบุรี,นุ๊ก สดอร่อย ซีฟู้ด อาหารทะเล ย่านบางบัวทอง นนทบุรี,19,19,,1,1
270,345 ห้อยขาริมทุ่ง (ร้านอาหาร&ก๋วยเตี๋ยวเรือ),345 ห้อยขาริมทุ่ง (ร้านอาหาร&ก๋วยเตี๋ยวเรือ),34,34,,1,1
271,นารายณ์พิซเซอเรีย X ข้าน้อยขอชาบู สาขาปั๊มปตท.กรุงเทพกรีฑา ขาเข้า,นารายณ์พิซเซอเรีย X ข้าน้อยขอชาบู สาขาปั๊มปตท.กรุงเทพกรีฑา ขาเข้า,26,26,,1,1
272,ข้าวแกงเปิดหม้อ สาขาอ้อมน้อย(สาขาต้นตำหรับ),ข้าวแกงเปิดหม้อ สาขาอ้อมน้อย(สาขาต้นตำหรับ),11,11,,1,1
273,BIG HOUSE (Farm & Cafe & Restaurant) บิ๊กเฮาส์ ฟร์าม คาเฟ่ และ ร้านอาหาร,BIG HOUSE (Farm & Cafe & Restaurant) บิ๊กเฮาส์ ฟร์าม คาเฟ่ และ ร้านอาหาร,10,10,,1,1
274,ฟอเรสต้า คาเฟ่,ฟอเรสต้า คาเฟ่,7,7,,1,1
275,ราดหน้านพดลสาย3,ราดหน้านพดลสาย3,33,33,,1,1
276,SUNTOOB - ซันตุ๊บ (จองล่วงหน้า 24 ชม เท่านั้นทางfacebook),SUNTOOB - ซันตุ๊บ (จองล่วงหน้า 24 ชม เท่านั้นทางfacebook),7,7,,1,1
277,สปูน เฮ้าส์ ลำลูกกาคลอง 3,สปูน เฮ้าส์ ลำลูกกาคลอง 3,20,20,,1,1
278,อา-ลม-ดี,อา-ลม-ดี,17,17,,1,1
279,ซ้งเป็ดพะโล้ สายไหม,ซ้งเป็ดพะโล้ สายไหม,15,15,,1,1
280,ครัวยายติ๋ม,ครัวยายติ๋ม,16,16,,1,1
281,เจริญรุ่งเรือง บุฟเฟต์นานาชาติ,เจริญรุ่งเรือง บุฟเฟต์นานาชาติ,18,18,,1,1
282,ครัวแม่ปัญญา,ครัวแม่ปัญญา,14,14,,1,1
283,สวนอาหารทรงวุฒิ,สวนอาหารทรงวุฒิ,4,4,,1,1
284,ข้าวต้ม แม่บังอร,ข้าวต้ม แม่บังอร,5,5,,1,1
285,เฮือนดาริกาอาหารเหนือเจียงฮาย,เฮือนดาริกาอาหารเหนือเจียงฮาย,20,20,,1,1
286,บ้านสวนเพลงร้านอาหาร,บ้านสวนเพลงร้านอาหาร,10,10,,1,1
286,บ้านสวนเพลงร้านอาหาร,ร้านอาหารเพ็ชรบ้านสวน,10,3,,1,0
287,สวนอาหารลิลลี่การ์เด้น168,สวนอาหารลิลลี่การ์เด้น168,1,1,,1,1
288,ร้านค่าเวลา หลักสี่ New Generetion,ร้านค่าเวลา หลักสี่ New Generetion,4,4,,1,1
289,เป็นสุข บาร์ แอนด์ เรสทัวรองท์,เป็นสุข บาร์ แอนด์ เรสทัวรองท์,13,13,,1,1
290,ร้านอาหาร อัล ซาราย,ร้านอาหาร อัล ซาราย,18,18,,1,1
291,สิริขวัญ ซีฟู้ด,สิริขวัญ ซีฟู้ด,5,5,,1,1
292,ครัว 2 ภาค,ครัว 2 ภาค,12,12,,1,1
293,วันดีดี คาเฟ่ x เรสเตอร์รองต์,วันดีดี คาเฟ่ x เรสเตอร์รองต์,1,1,,1,1
294,localfood restaurant,localfood restaurant,5,5,,1,1
295,ลาซันย่า คอมฟอร์ท ไดน์นิ่ง,ลาซันย่า คอมฟอร์ท ไดน์นิ่ง,6,6,,1,1
296,แซ่บบ้านสวนคาเฟ่,แซ่บบ้านสวนคาเฟ่,11,11,,1,1
297,หมูย่างน้ำผึ้ง แม่สุมณฑา จตุจักร,หมูย่างน้ำผึ้ง แม่สุมณฑา จตุจักร,14,14,,1,1
298,ตํากลางคลอง - tum klang khlong,ตํากลางคลอง - tum klang khlong,13,13,,1,1
299,A Ramen,A Ramen,8,8,,1,1
300,ร้านสายอีสาน,ร้านสายอีสาน,5,5,,1,1
301,คุ้มพระยา / Braya de Casa,คุ้มพระยา / Braya de Casa,6,6,,1,1
302,ร้านอาหารเจแจ้ง5,ร้านอาหารเจแจ้ง5,2,2,,1,1
303,ร้านญวน กม.25 (ลูกชายคนโต),ร้านญวน กม.25 (ลูกชายคนโต),17,17,,1,1
304,Took Lae Dee Restaurant,Took Lae Dee Restaurant,5,5,,1,1
305,เนื้อตุ๋นนางเลิ้ง,เนื้อตุ๋นนางเลิ้ง,74,74,,1,1
306,ฟาเธอร์ เซย์ เยส,ฟาเธอร์ เซย์ เยส,14,14,,1,1
307,Chef’s Gallery,Chef’s Gallery,18,18,,1,1
308,ครัวแสงจันทร์ แวะมาหาหน่อย อร่อยแน่,ครัวแสงจันทร์ แวะมาหาหน่อย อร่อยแน่,3,3,,1,1
309,ครัวอินทผลัม & ชาอบัย,ครัวอินทผลัม & ชาอบัย,7,7,,1,1
310,ส้มตำยายบูดอินเตอร์,ส้มตำยายบูดอินเตอร์,8,8,,1,1
311,ร้านเล็กพิสดาร,ร้านเล็กพิสดาร,23,23,,1,1
312,ร้านเด็ด 7 ย่านน้ำ,ร้านเด็ด 7 ย่านน้ำ,1,1,,1,1
313,The Cave หทัยราษฎร์,The Cave หทัยราษฎร์,4,4,,1,1
314,บ้านสวนอิงน้ำ,บ้านสวนอิงน้ำ,30,30,,1,1
315,เรือธง,เรือธง,23,23,,1,1
316,ครัวริมโมงค์,ครัวริมโมงค์,27,27,,1,1
317,ครัวคุณตั้ม ซีฟู้ดส์​,ครัวคุณตั้ม ซีฟู้ดส์​,9,9,,1,1
318,Sukigarden,Sukigarden,38,38,,1,1
319,ร้านครัวลิลเบิร์ด มบ.รัตนาธิเบศร์,ร้านครัวลิลเบิร์ด มบ.รัตนาธิเบศร์,3,3,,1,1
320,พวน Puan Thai Home Cook,พวน Puan Thai Home Cook,26,26,,1,1
321,มา ดู คลอง Cafe & Restaurant,มา ดู คลอง Cafe & Restaurant,6,6,,1,1
322,Yoyak​ ย.ยัก​ษ์​กินผัก​ วังหลัง,Yoyak​ ย.ยัก​ษ์​กินผัก​ วังหลัง,2,2,,1,1
323,ร้านอาหารบ้านแม่คุณ,ร้านอาหารบ้านแม่คุณ,24,24,,1,1
324,ไก่ย่างเสือใหญ่ กรุงเทพกรีฑา ซอย 8,ไก่ย่างเสือใหญ่ กรุงเทพกรีฑา ซอย 8,19,19,,1,1
325,เท็นซีซี คอฟฟี่,เท็นซีซี คอฟฟี่,3,3,,1,1
326,เมืองเกินร้อย (ศาลายา),เมืองเกินร้อย (ศาลายา),14,14,,1,1
327,ครัวบ้านมะลิ อาหารไทย-ซีฟู้ด ปลาจุ่ม จิ้มจุ่มหมอดิน ข้าวกระเพรา-อาหารจานเดียว,ครัวบ้านมะลิ อาหารไทย-ซีฟู้ด ปลาจุ่ม จิ้มจุ่มหมอดิน ข้าวกระเพรา-อาหารจานเดียว,11,11,,1,1
328,The Hope Cafe กรุงเทพกรีฑา,The Hope Cafe กรุงเทพกรีฑา,3,3,,1,1
329,สวนอาหารปิ่นแก้ว,สวนอาหารปิ่นแก้ว,13,13,,1,1
330,ร้านอาหารบ้านป้าแจ๋ว,ร้านอาหารบ้านป้าแจ๋ว,2,2,,1,1
331,ร้านข้าวผัดปูbyณัฏฐ์มาชิม,ร้านข้าวผัดปูbyณัฏฐ์มาชิม,116,116,,1,1
332,ร้านอาหารแมกไม้ชายคลอง,ร้านอาหารแมกไม้ชายคลอง,20,20,,1,1
333,ครัวกุ๊กหมู,ครัวกุ๊กหมู,32,32,,1,1
334,ครัวบ้านพ่อ,ครัวบ้านพ่อ,28,28,,1,1
335,Shinzoku Japanese Restaurant,Shinzoku Japanese Restaurant,6,6,,1,1
336,กะทิบ้านอาหารไทยและขนม,กะทิบ้านอาหารไทยและขนม,18,18,,1,1
337,Okina Izakaya,Okina Izakaya,7,7,,1,1
338,สวนอาหารปีกไม้สาย2,สวนอาหารปีกไม้สาย2,1,1,,1,1
339,ร้านพหลวิว Phahon View (สาขา ตัดใหม่-วัชรพล),ร้านพหลวิว Phahon View (สาขา ตัดใหม่-วัชรพล),20,20,,1,1
340,ครัวกาญจน์ - แกงป่า,ครัวกาญจน์ - แกงป่า,28,28,,1,1
341,เอี่ยม โภชนา,เอี่ยม โภชนา,30,30,,1,1
342,แม่กลองหัวปลาหม้อไฟ,แม่กลองหัวปลาหม้อไฟ,38,38,,1,1
343,ร้านข้าวแกง​บ้านเคียงเรือ,ร้านข้าวแกง​บ้านเคียงเรือ,12,12,,1,1
344,โอยั๊วะเกษตร,โอยั๊วะเกษตร,31,31,,1,1
345,บุ๊ก ข้าวมันไก่,บุ๊ก ข้าวมันไก่,20,20,,1,1
346,เพิ่มพูนโภชนา,เพิ่มพูนโภชนา,19,19,,1,1
347,เจ๊ณี โภชนา สาขา 2 (ข้าวต้มโต้รุ่ง),เจ๊ณี โภชนา สาขา 2 (ข้าวต้มโต้รุ่ง),23,23,,1,1
348,baiboon thai food,baiboon thai food,6,6,,1,1
349,ครัวไผ่เขียว,ครัวไผ่เขียว,2,2,,1,1
350,Mini Shabu Cheese สาขา 1 ซอยกันตนา ชาบูบางใหญ่,Mini Shabu Cheese สาขา 1 ซอยกันตนา ชาบูบางใหญ่,39,39,,1,1
351,ร้านอาหาร 109,ร้านอาหาร 109,5,5,,1,1
352,ครัวกลางทุ่ง@นครชัยศรี,ครัวกลางทุ่ง@นครชัยศรี,26,26,,1,1
353,คานาเล่เฮ้าส์,คานาเล่เฮ้าส์,5,5,,1,1
354,ร้านอาหารเจชาวคลอง คลอง 7 ธัญบุรี,ร้านอาหารเจชาวคลอง คลอง 7 ธัญบุรี,3,3,,1,1
355,ครัวใบเงินซีฟู้ด,ครัวใบเงินซีฟู้ด,4,4,,1,1
356,ครกใหญ่ (ฉลองกรุง),ครกใหญ่ (ฉลองกรุง),12,12,,1,1
357,ร้านแล้วแต่เชฟ,ร้านแล้วแต่เชฟ,6,6,,1,1
358,ครัวสราวลี,ครัวสราวลี,2,2,,1,1
359,แซ่บอิสาน98,แซ่บอิสาน98,5,5,,1,1
360,ครัวบ้านเรา,ครัวบ้านเรา,10,10,,1,1
361,Ar Rai Wah music & restaurant,Ar Rai Wah music & restaurant,2,2,,1,1
362,บ้านแดง โดย เมธาวลัย ศรแดง,บ้านแดง โดย เมธาวลัย ศรแดง,6,6,,1,1
363,ร้านอาหารบ้านจิตประภัสสร (Jitprapassorn Restaurant),ร้านอาหารบ้านจิตประภัสสร (Jitprapassorn Restaurant),12,12,,1,1
364,โกเหง่า ข้าวต้มรอบดึก,โกเหง่า ข้าวต้มรอบดึก,33,33,,1,1
365,ไม้หอม,ไม้หอม,2,2,,1,1
366,ร้านอาหารบ้านลักษ์ริมทะเล,ร้านอาหารบ้านลักษ์ริมทะเล,1,1,,1,1
367,ร้านพริกลิ้น,ร้านพริกลิ้น,6,6,,1,1
368,โก๊หล่อน RIVER SIDE,โก๊หล่อน RIVER SIDE,15,15,,1,1
369,กะเว้าไปเนาะ,กะเว้าไปเนาะ,5,5,,1,1
370,ปรุงประเทือง - อาหารใต้,ปรุงประเทือง - อาหารใต้,49,49,,1,1
371,ครัวคุณส้ม,ครัวคุณส้ม,3,3,,1,1
371,ครัวคุณส้ม,ครัวคุณชม,3,1,,1,0
372,ร้านลาบเป็ด-ปลาเผา Byเฮียน๊อต ปรีดีพนมยงค์43,ร้านลาบเป็ด-ปลาเผา Byเฮียน๊อต ปรีดีพนมยงค์43,22,22,,1,1
373,ปรุงประเทือง - อาหารใต้ ***(ครัวปิด 21:00 น.),ปรุงประเทือง - อาหารใต้ ***(ครัวปิด 21:00 น.),1,1,,1,1
374,มาดองหลวงเจ๊ (MA DONG LUANGJIE),มาดองหลวงเจ๊ (MA DONG LUANGJIE),2,2,,1,1
375,สู้แค่หมด ร้านอาหาร10บาท,สู้แค่หมด ร้านอาหาร10บาท,8,8,,1,1
376,ครัวปากบาน By เจ๊เจี๊ยบ ถนนไทยรามัญ,ครัวปากบาน By เจ๊เจี๊ยบ ถนนไทยรามัญ,30,30,,1,1
377,ติดมันส์ ศาลายา,ติดมันส์ ศาลายา,5,5,,1,1
378,ร้านอาหารครัวคุณยุ,ร้านอาหารครัวคุณยุ,2,2,,1,1
379,ร้านนามิ 345 ปากเกร็ด Nami at 345 Pakkret,ร้านนามิ 345 ปากเกร็ด Nami at 345 Pakkret,6,6,,1,1
380,ป้าเภา,ป้าเภา,6,6,,1,1
381,ร้านข้าวหอมแกงใต้ ซอยพระยาสุเรนทร์,ร้านข้าวหอมแกงใต้ ซอยพระยาสุเรนทร์,10,10,,1,1
382,บ้านรามัญ,บ้านรามัญ,29,29,,1,1
383,อ้วนเจริญยิ่ง ราชาข้าวต้ม,อ้วนเจริญยิ่ง ราชาข้าวต้ม,8,8,,1,1
384,ครัวแพขวัญใจ ซีฟู้ด,ครัวแพขวัญใจ ซีฟู้ด,43,43,,1,1
385,ร้าน นั่ง ซด ก๋วยเตี๋ยวต้มยำ เย็นตาโฟ รสจัดจ้าน,ร้าน นั่ง ซด ก๋วยเตี๋ยวต้มยำ เย็นตาโฟ รสจัดจ้าน,5,5,,1,1
386,ร้านมุมอร่อย อาหารตามสั่ง,ร้านมุมอร่อย อาหารตามสั่ง,6,6,,1,1
387,สายแคมป์สโลว์บาร์Cafe (ร้านนั่งชิวใกล้ฉัน),สายแคมป์สโลว์บาร์Cafe (ร้านนั่งชิวใกล้ฉัน),2,2,,1,1
388,ก๋วยเตี๋ยวต้มยำฅนละโว้,ก๋วยเตี๋ยวต้มยำฅนละโว้,45,45,,1,1
389,เม้งโภชนา,เม้งโภชนา,62,62,,1,1
390,ครัวบ้านกังหัน,ครัวบ้านกังหัน,4,4,,1,1
391,ร้านลุงเหน่งอาหารป่า(ติดถนนคลอง10),ร้านลุงเหน่งอาหารป่า(ติดถนนคลอง10),3,3,,1,1
392,ร้านอาหารเตยหอม กะเพราไส้แตก,ร้านอาหารเตยหอม กะเพราไส้แตก,22,22,,1,1
393,บ้านชิดลมบางปู,บ้านชิดลมบางปู,11,11,,1,1
394,คำปา อาหารเหนือ,คำปา อาหารเหนือ,8,8,,1,1
395,ร้านเจี๊ยบ (เจ้าเก่า) กระทุ่มแบน,ร้านเจี๊ยบ (เจ้าเก่า) กระทุ่มแบน,5,5,,1,1
396,สิมิลันโภชนา,สิมิลันโภชนา,13,13,,1,1
397,ร้านก๋วยเตี๋ยวเรือสองตอน,ร้านก๋วยเตี๋ยวเรือสองตอน,20,20,,1,1
398,บ้านปายนา,บ้านปายนา,6,6,,1,1
399,ChonGang Bar&Bistro,ChonGang Bar&Bistro,4,4,,1,1
400,ร้านอาหารใต้ บ้านฉลอง,ร้านอาหารใต้ บ้านฉลอง,34,34,,1,1
401,ข้าวมันไก่นายโอชิน อร่อยมาก,ข้าวมันไก่นายโอชิน อร่อยมาก,16,16,,1,1
402,ติ๊กโภชนา,ติ๊กโภชนา,65,65,,1,1
403,ร้านอาหารครัวเพลง (มล พลปราการ),ร้านอาหารครัวเพลง (มล พลปราการ),6,6,,1,1
404,ครัววาสนา,ครัววาสนา,32,32,,1,1
405,บ้านสวยในสวน,บ้านสวยในสวน,15,15,,1,1
406,ปานชีวา เรสเตอรองท์ แอนด์ คาเฟ่,ปานชีวา เรสเตอรองท์ แอนด์ คาเฟ่,6,6,,1,1
407,แม่ทองใบ จุดรวมพลคนชอบกิน,แม่ทองใบ จุดรวมพลคนชอบกิน,1,1,,1,1
408,จิ้มจุ่มยักษ์ลำลูกกา,จิ้มจุ่มยักษ์ลำลูกกา,7,7,,1,1
409,ป้าเล็กติ๊กต่อก ตามสั่ง ข้าวบึ้มมมมม,ป้าเล็กติ๊กต่อก ตามสั่ง ข้าวบึ้มมมมม,28,28,,1,1
410,Little dream garden ฝันของพ่อ,Little dream garden ฝันของพ่อ,8,8,,1,1
411,Lon Lon Local Diner,Lon Lon Local Diner,3,3,,1,1
412,Morr - Meat on the roof (yakiniku),Morr - Meat on the roof (yakiniku),19,19,,1,1
413,ร้านน้องนก ซีฟู้ด,ร้านน้องนก ซีฟู้ด,39,39,,1,1
414,โจ๊กสามย่าน แคราย (ปากซอยงามวงศ์วาน 4),โจ๊กสามย่าน แคราย (ปากซอยงามวงศ์วาน 4),6,6,,1,1
415,ร้านอาหารบ้านสวน,ร้านอาหารบ้านสวน,16,16,,1,1
416,So Good Gourmet,So Good Gourmet,1,1,,1,1
417,ครัวปัณฑารีย์,ครัวปัณฑารีย์,164,164,,1,1
418,ร้าน ๒๔ โภชนา,ร้าน ๒๔ โภชนา,6,6,,1,1
419,90 Bar & Bistro LKB,90 Bar & Bistro LKB,1,1,,1,1
420,บ้านเกด by บ้านแซ่บวังหลัง สาขาตลิ่งชัน,บ้านเกด by บ้านแซ่บวังหลัง สาขาตลิ่งชัน,36,36,,1,1
421,อ่อนนุช 35 ข้าวถ้วย,อ่อนนุช 35 ข้าวถ้วย,4,4,,1,1
422,ครัวเอื้ออาทร,ครัวเอื้ออาทร,29,29,,1,1
423,เจ๊ณี ข้าวต้มแปดริ้ว รามคำแหง19/1,เจ๊ณี ข้าวต้มแปดริ้ว รามคำแหง19/1,52,52,,1,1
424,ครัวบ้านเลซีฟู้ด (By เชฟนะ),ครัวบ้านเลซีฟู้ด (By เชฟนะ),52,52,,1,1
425,ร้านอาหาร อีสานนายเทน,ร้านอาหาร อีสานนายเทน,7,7,,1,1
426,GOODY CHIC,GOODY CHIC,6,6,,1,1
427,ครัวเจียงใหม่ - ทองหล่อ,ครัวเจียงใหม่ - ทองหล่อ,13,13,,1,1
428,ครัวบ้านสวนข้าวหมกไก่,ครัวบ้านสวนข้าวหมกไก่,23,23,,1,1
429,SaM SteakandMore,SaM SteakandMore,27,27,,1,1
430,อาหารตามสั่ง ป้อมตำรวจลานฟ้า,อาหารตามสั่ง ป้อมตำรวจลานฟ้า,3,3,,1,1
431,ครัวหน้าหมี,ครัวหน้าหมี,3,3,,1,1
432,อ้วนทรงไทย ร้านอาหาร & รีสอร์ท,อ้วนทรงไทย ร้านอาหาร & รีสอร์ท,12,12,,1,1
433,ครัวชายคลอง,ครัวชายคลอง,11,11,,1,1
434,ร้านข้าวมันไก่มาลัยทองโภชนา คลอง 4 ธัญบุรี เปิดมากว่า 32 ปี,ร้านข้าวมันไก่มาลัยทองโภชนา คลอง 4 ธัญบุรี เปิดมากว่า 32 ปี,51,51,,1,1
435,ริมธารา ซีฟู้ด,ริมธารา ซีฟู้ด,10,10,,1,1
436,ร้านป้าแหว๋ว,ร้านป้าแหว๋ว,21,21,,1,1
437,มิรู้โรย อีทเทอรี่ (Mirooroye Eatery),มิรู้โรย อีทเทอรี่ (Mirooroye Eatery),3,3,,1,1
438,ครัวเมืองเว้ ลาว ญวน ลาดกระบัง,ครัวเมืองเว้ ลาว ญวน ลาดกระบัง,17,17,,1,1
439,อาหารชาวใต้ สำลี,อาหารชาวใต้ สำลี,1,1,,1,1
440,ร้านนิยมเส้น สาขาหนองจอก حلال‎,ร้านนิยมเส้น สาขาหนองจอก حلال‎,13,13,,1,1
441,ครัวตานุโพธิ์ทอง,ครัวตานุโพธิ์ทอง,19,19,,1,1
442,ครัวดอกไม้ขาว,ครัวดอกไม้ขาว,15,15,,1,1
443,ยอดลาบเป็ดอุดร,ยอดลาบเป็ดอุดร,171,171,,1,1
444,บ้านชายเล บางปู - Baan Shine Lay Bang Pu,บ้านชายเล บางปู - Baan Shine Lay Bang Pu,15,15,,1,1
445,ร้านอาหารแบมบู ใหญ่,ร้านอาหารแบมบู ใหญ่,14,14,,1,1
446,แจ่วฮ้อนพระยาแล,แจ่วฮ้อนพระยาแล,25,25,,1,1
447,ร้านนายโจอาหารทะเลซีฟู้ด,ร้านนายโจอาหารทะเลซีฟู้ด,17,17,,1,1
448,มันชัน บุฟเฟ่เกาหลี,มันชัน บุฟเฟ่เกาหลี,10,10,,1,1
449,จุกจุกข้าวมันไก่ (สั่งออนไลน์หรือแวะรับที่ร้าน),จุกจุกข้าวมันไก่ (สั่งออนไลน์หรือแวะรับที่ร้าน),68,68,,1,1
450,ร้านครัวแม่อร,ร้านครัวแม่อร,2,2,,1,1
451,"Tikishi Japanese Restaurant , ทีกิชิ","Tikishi Japanese Restaurant , ทีกิชิ",22,22,,1,1
452,มหาชัยกรีนฟู้ดส์,มหาชัยกรีนฟู้ดส์,6,6,,1,1
453,เนี๊ยะสุกี้ สาขา ศาลายา,เนี๊ยะสุกี้ สาขา ศาลายา,9,9,,1,1
454,รวยริน ข้าวแฝ่โบราณ,รวยริน ข้าวแฝ่โบราณ,7,7,,1,1
455,ร้าน เทียนหลงสุกี้สายพาน,ร้าน เทียนหลงสุกี้สายพาน,4,4,,1,1
456,สินาท อาหารเจ,สินาท อาหารเจ,8,8,,1,1
457,สายลมจอย ซอย ๑,สายลมจอย ซอย ๑,5,5,,1,1
458,ครัวขุนสมุทรจีน ซีฟู๊ด,ครัวขุนสมุทรจีน ซีฟู๊ด,12,12,,1,1
459,กะเพราขุนช้าง รัชดา ซอย 3,กะเพราขุนช้าง รัชดา ซอย 3,20,20,,1,1
460,Tanwa : the Food Project HQ,Tanwa : the Food Project HQ,2,2,,1,1
461,โรงเตี้ยม บางปู อาหาร-เครื่องดืม,โรงเตี้ยม บางปู อาหาร-เครื่องดืม,4,4,,1,1
462,บ้านไม้ชายคลอง,บ้านไม้ชายคลอง,17,17,,1,1
463,ร้านต้มเลือดหมูเจ๊ไน้,ร้านต้มเลือดหมูเจ๊ไน้,14,14,,1,1
464,Eatter อีสเต๊อะ อาหารคนเมือง,Eatter อีสเต๊อะ อาหารคนเมือง,11,11,,1,1
465,แหนมเนืองคุณนิด,แหนมเนืองคุณนิด,3,3,,1,1
466,อู๊ดเย็นตาโฟ,อู๊ดเย็นตาโฟ,12,12,,1,1
467,ร้านสากตำอร่อย,ร้านสากตำอร่อย,2,2,,1,1
468,Tonthong Restaurant - ร้านอาหารต้นทอง,Tonthong Restaurant - ร้านอาหารต้นทอง,13,13,,1,1
469,ร้านปูสดพระสมุทร​เจดีย์​,ร้านปูสดพระสมุทร​เจดีย์​,6,6,,1,1
470,ระเบียงเคียงน้ำ 77,ระเบียงเคียงน้ำ 77,30,30,,1,1
471,ยุ้ยต้มยำ ตำแซ่บ,ยุ้ยต้มยำ ตำแซ่บ,22,22,,1,1
472,วิวทิวไม้ ซีฟู้ด,วิวทิวไม้ ซีฟู้ด,29,29,,1,1
473,แซ่บคักๆ,แซ่บคักๆ,23,23,,1,1
474,โจ๊กสะพานใหม่,โจ๊กสะพานใหม่,5,5,,1,1
475,Music Square,Music Square,9,9,,1,1
476,Lakehouse Café & Restaurant,Lakehouse Café & Restaurant,30,30,,1,1
477,ครัวลุงแกละ,ครัวลุงแกละ,4,4,,1,1
478,จานเดียว @hOMe,จานเดียว @hOMe,15,15,,1,1
479,เหลาริมทาง By เชฟเดช สาขา ราชพฤกษ์,เหลาริมทาง By เชฟเดช สาขา ราชพฤกษ์,54,54,,1,1
480,ข้าวแกงเปิดหม้อ สาขาประชาอุทิศ 90,ข้าวแกงเปิดหม้อ สาขาประชาอุทิศ 90,15,15,,1,1
481,ร้านอาหารแกงป่า ลุงสง่า,ร้านอาหารแกงป่า ลุงสง่า,202,202,,1,1
482,BACK 90's,BACK 90's,2,2,,1,1
483,ข้าวต้มฉลองชัย,ข้าวต้มฉลองชัย,54,54,,1,1
484,ครัวท่าเรือเมืองกาญ สาขา ศาลายา,ครัวท่าเรือเมืองกาญ สาขา ศาลายา,36,36,,1,1
485,ครัวแล้วแต่คุณ Up to u cafe,ครัวแล้วแต่คุณ Up to u cafe,18,18,,1,1
486,ร้านป้าปุ๊ย,ร้านป้าปุ๊ย,6,6,,1,1
487,ฌิม คาเฟ่&เรสเตอร์รอง,ฌิม คาเฟ่&เรสเตอร์รอง,15,15,,1,1
488,สวนอาหาร บ้านอิงน้ำ,สวนอาหาร บ้านอิงน้ำ,9,9,,1,1
489,ร้านอาหารลงแพ หรือ @บางขวด,ร้านอาหารลงแพ หรือ @บางขวด,20,20,,1,1
490,ครัวบ้าน 3 ออ,ครัวบ้าน 3 ออ,26,26,,1,1
491,ครัววาสนา ซีฟู้ด,ครัววาสนา ซีฟู้ด,82,82,,1,1
492,ร้านอาหารจีน เกี๊ยว เหลียว หนิง,ร้านอาหารจีน เกี๊ยว เหลียว หนิง,30,30,,1,1
493,Vegan Garden ร้านอาหารเจ - มังสวิรัติ คาเฟ่ คลอง4 ลำลูกกา,Vegan Garden ร้านอาหารเจ - มังสวิรัติ คาเฟ่ คลอง4 ลำลูกกา,13,13,,1,1
494,ครัวแถวบ้านอาหารตามสั่ง,ครัวแถวบ้านอาหารตามสั่ง,3,3,,1,1
495,ร้านตี๋อ้วนโภชนา,ร้านตี๋อ้วนโภชนา,2,2,,1,1
496,ติดมันส์ บุฟเฟ่ต์ปิ้งย่างกระทะร้อน สาขาบางบัวทอง,ติดมันส์ บุฟเฟ่ต์ปิ้งย่างกระทะร้อน สาขาบางบัวทอง,48,48,,1,1
497,กาลครั้งหนึ่ง,กาลครั้งหนึ่ง,43,43,,1,1
498,ร้านอาหารแมวน้ำ,ร้านอาหารแมวน้ำ,15,15,,1,1
499,ข้าวคัพ,ข้าวคัพ,14,14,,1,1
500,รสนะคอน ไก่ทอด ชาใต้ อาหารใต้,รสนะคอน ไก่ทอด ชาใต้ อาหารใต้,5,5,,1,1
501,MASA GARDEN by SUKI MASA,MASA GARDEN by SUKI MASA,1,1,,1,1
502,ครัวท่าเรือ สาขาทุ่งมังกร,ครัวท่าเรือ สาขาทุ่งมังกร,7,7,,1,1
503,ร้าน ตุ้มอร่อย คาเฟ่ Toomaroi Café,ร้าน ตุ้มอร่อย คาเฟ่ Toomaroi Café,8,8,,1,1
504,Kin Len Len ร้านกินเล่นเล่น ซอยมังกร,Kin Len Len ร้านกินเล่นเล่น ซอยมังกร,4,4,,1,1
505,บ้านชิมก่อนเติม ตระกูลโภชนา,บ้านชิมก่อนเติม ตระกูลโภชนา,7,7,,1,1
506,BBC : Big Black Cat -Kushiyaki -,BBC : Big Black Cat -Kushiyaki -,1,1,,1,1
507,ครัวคุณน้อง,ครัวคุณน้อง,7,7,,1,1
508,ร้านกุ้งเผา​อยุธยา ถนนคู้บอน กรุงเทพฯ,ร้านกุ้งเผา​อยุธยา ถนนคู้บอน กรุงเทพฯ,40,40,,1,1
509,ชอบ,ชอบ,30,30,,1,1
510,ร้านอาหารบ้านเหลา,ร้านอาหารบ้านเรา,46,14,,1,0
510,ร้านอาหารบ้านเหลา,ร้านอาหาร บ้านเชฟ,46,18,,1,0
510,ร้านอาหารบ้านเหลา,ร้านอาหารบ้านเหลา,46,46,,1,1
511,ร้านครัวนายหัว ซอยมหาดไทย,ร้านครัวนายหัว ซอยมหาดไทย,1,1,,1,1
512,โจ๊กสยาม ลาซาล,โจ๊กสยาม ลาซาล,5,5,,1,1
513,เดอะตี๋ ล้านลาภ101,เดอะตี๋ ล้านลาภ101,20,20,,1,1
514,Dhana x Flavourite,Dhana x Flavourite,14,14,,1,1
515,ครัวระเบียงน้ำ,ครัวระเบียงน้ำ,55,55,,1,1
516,Mitt Restaurant & Space : มิตร อารีย์,Mitt Restaurant & Space : มิตร อารีย์,42,42,,1,1
517,ครัวแม่แช่ม,ครัวแม่แช่ม,65,65,,1,1
518,คัทซึชิน สาขา สุรวงศ์,คัทซึชิน สาขา สุรวงศ์,122,122,,1,1
519,มุมอิสาน,มุมอิสาน,5,5,,1,1
520,เรือนแพ,เรือนแพ,61,61,,1,1
521,สวนอาหารบ้านเราคลอง9,สวนอาหารบ้านเราคลอง9,48,48,,1,1
522,WHITE CACTUS | Sai Noi Cafe and Restaurant,WHITE CACTUS | Sai Noi Cafe and Restaurant,24,24,,1,1
523,บิ๊กจ๊อดโภชนา BIGJOD PHOCHANA,บิ๊กจ๊อดโภชนา BIGJOD PHOCHANA,46,46,,1,1
524,DA LENA PIZZARIA NAPOLETANA,DA LENA PIZZARIA NAPOLETANA,1,1,,1,1
525,ยักษ์กินแซลมอน Yak Kin Salmon,ยักษ์กินแซลมอน Yak Kin Salmon,7,7,,1,1
526,AT ISAN (แอทอีสาน),AT ISAN (แอทอีสาน),89,89,,1,1
527,เตี๋ยว ผัดไท ชายคลอง บางคูวัด,เตี๋ยว ผัดไท ชายคลอง บางคูวัด,130,130,,1,1
528,ร้านอาหารสวนกุหลาบ พระราม 5,ร้านอาหารสวนกุหลาบ พระราม 5,70,70,,1,1
529,Busso Eatery,Busso Eatery,6,6,,1,1
530,ร้านอาหารจีน ฮั่วเซ่งฮง ศาลายา,ร้านอาหารจีน ฮั่วเซ่งฮง ศาลายา,60,60,,1,1
531,ครัวชนิตสิริ,ครัวชนิตสิริ,5,5,,1,1
532,โจ๊กสามย่าน • สะพานใหม่,โจ๊กสามย่าน • สะพานใหม่,13,13,,1,1
533,มาเรีย การ์เด้น,มาเรีย การ์เด้น,34,34,,1,1
534,ร้านบ้านครัวส้มตำ,ร้านบ้านครัวส้มตำ,9,9,,1,1
535,ครัวโต๋เต๋,ครัวโต๋เต๋,3,3,,1,1
536,ร้าน อ.รสเด็ด,ร้าน อ.รสเด็ด,1,1,,1,1
537,หนานกุ อาหารเหนือ,หนานกุ อาหารเหนือ,10,10,,1,1
538,ครัววงเดือน,ครัววงเดือน,64,64,,1,1
539,Botanic Backyard Bar & Restaurant,Botanic Backyard Bar & Restaurant,37,37,,1,1
540,ร้านป้านึก,ร้านป้านึก,14,14,,1,1
541,มารีน่า ข้าวต้มโชคชัย 4,มารีน่า ข้าวต้มโชคชัย 4,132,132,,1,1
542,ห้าสิบห้าโภชนา,ห้าสิบห้าโภชนา,58,58,,1,1
543,ละมุนลิ้น โฮม คิทเช่น,ละมุนลิ้น โฮม คิทเช่น,74,74,,1,1
544,ร้านอาหารเซย์เฮย์,ร้านอาหารเซย์เฮย์,31,31,,1,1
545,วาระวาระ,วาระวาระ,85,85,,1,1
546,บ้านครูโฮมอีทเทอรี่,บ้านครูโฮมอีทเทอรี่,16,16,,1,1
547,คั่วชามเปล,คั่วชามเปล,83,83,,1,1
548,ครัวริมน้ำ เลควิว วิธารา 25 - Lakeview Vitara 25 Restaurant,ครัวริมน้ำ เลควิว วิธารา 25 - Lakeview Vitara 25 Restaurant,38,38,,1,1
549,นายลี้เชลล์ชวนชิม สาขา สะพานเจษฎาบดินทร์,นายลี้เชลล์ชวนชิม สาขา สะพานเจษฎาบดินทร์,202,202,,1,1
550,มิสเตอร์ริบอาย,มิสเตอร์ริบอาย,35,35,,1,1
551,โอทู คอฟฟี่ แอนด์ บิสโตร,โอทู คอฟฟี่ แอนด์ บิสโตร,35,35,,1,1
552,จุ่มแซ่บ-ปลาเผา ราชพฤกษ์,จุ่มแซ่บ-ปลาเผา ราชพฤกษ์,144,144,,1,1
553,Da Lena Trattoria Italiana,Da Lena Trattoria Italiana,16,16,,1,1
554,ทวีชัยโภชนา สาขาพระรามสาม,ทวีชัยโภชนา สาขาพระรามสาม,72,72,,1,1
555,โฮม คาเฟ่ ท่าเตียน,โฮม คาเฟ่ ท่าเตียน,149,149,,1,1
556,ร้านอาบังปลาสลิดบางบ่อ,ร้านอาบังปลาสลิดบางบ่อ,4,4,,1,1
557,ร้านอาหาร ชวนชม ชวนชิม ลำลูกกา คลอง11,ร้านอาหาร ชวนชม ชวนชิม ลำลูกกา คลอง11,144,144,,1,1
558,ฅ.อิสาน,ฅ.อิสาน,12,12,,1,1
559,ร้านอาหาร เอ้เต,ร้านอาหาร เอ้เต,4,4,,1,1
560,สิงห์ปะหละ,สิงห์ปะหละ,6,6,,1,1
561,รสอร่อย,รสอร่อย,62,62,,1,1
562,ข้าวหมกไก่สยาม • พุทธมณฑล สาย4 (ในซอย),ข้าวหมกไก่สยาม • พุทธมณฑล สาย4 (ในซอย),204,204,,1,1
563,ร้านสำเภาทอง,ร้านสำเภาทอง,24,24,,1,1
564,SHUUSHABU,SHUUSHABU,147,147,,1,1
565,ร้าน ลาบวาสนา,ร้าน ลาบวาสนา,54,54,,1,1
566,ตะบันครก ปตท พุทธสาคร,ตะบันครก ปตท พุทธสาคร,18,18,,1,1
567,บ๋องโภชนา,บ๋องโภชนา,35,35,,1,1
568,เนื้อตุ๋น ไก่ตุ๋น แม่ประคำ สาขา 3 อร่อยที่สุดในโลก แพรกษา,เนื้อตุ๋น ไก่ตุ๋น แม่ประคำ สาขา 3 อร่อยที่สุดในโลก แพรกษา,110,110,,1,1
569,Asian Corner,Asian Corner,102,102,,1,1
570,ร้าน BlueZone,ร้าน BlueZone,11,11,,1,1
571,อาหารป่าคอนหวันแง๊ะ,อาหารป่าคอนหวันแง๊ะ,11,11,,1,1
572,ร้านแก้มลิง [KAMLING],ร้านแก้มลิง [KAMLING],5,5,,1,1
573,ร่วมสุข Ruamsuk House of Noodles & Grill,ร่วมสุข Ruamsuk House of Noodles & Grill,39,39,,1,1
574,ตำไท ครัวอาหารอีสาน,ตำไท ครัวอาหารอีสาน,11,11,,1,1
575,หัวหินโภชนา,หัวหินโภชนา,119,119,,1,1
576,ร้านเออแซ่บ แจ่วฮ้อน ลาดพร้าว,ร้านเออแซ่บ แจ่วฮ้อน ลาดพร้าว,89,89,,1,1
577,Kurissara Thai Cuisine,Kurissara Thai Cuisine,129,129,,1,1
578,ทูรย์โภชนา (Toon Restaurant),ทูรย์โภชนา (Toon Restaurant),17,17,,1,1
579,ครัวเด็กเส้น,ครัวเด็กเส้น,4,4,,1,1
580,Nigiwai Shabu & Sushi Buffet Caltex Bangbon นิกิวาอิ คาลเท็กซ์ บางบอน ร้านอาหารญี่ปุ่นพรีเมี่ยม ราคาน่ารัก,Nigiwai Shabu & Sushi Buffet Caltex Bangbon นิกิวาอิ คาลเท็กซ์ บางบอน ร้านอาหารญี่ปุ่นพรีเมี่ยม ราคาน่ารัก,19,19,,1,1
581,เจ๊ราญกุ้งเผา,เจ๊ราญกุ้งเผา,326,326,,1,1
582,ร้าน ไก่ทอดหาดใหญ่ อัมมาร์ ฮาล้าล ฟู้ด คลองสามวา ลำลูกกา,ร้าน ไก่ทอดหาดใหญ่ อัมมาร์ ฮาล้าล ฟู้ด คลองสามวา ลำลูกกา,2,2,,1,1
583,Lily Fu's,Lily Fu's,43,43,,1,1
584,กลิ่นดิน Cafe & Restutant,กลิ่นดิน Cafe & Restutant,16,16,,1,1
585,ร้านอองฟองต์,ร้านอองฟองต์,6,6,,1,1
586,ร้านบ้านสวน65,ร้านบ้านสวน65,6,6,,1,1
587,นั่ง หลัง บ้าน,นั่ง หลัง บ้าน,9,9,,1,1
588,ร้านหัวโค้ง,ร้านหัวโค้ง,48,48,,1,1
589,ห้างทองรามอินทรา65,ห้างทองรามอินทรา65,23,23,,1,1
590,BANANA KITCHEN,BANANA KITCHEN,1,1,,1,1
591,ร้านอาหาร บ้านริมน้ำ,ร้านอาหาร บ้านริมน้ำ,9,9,,1,1
592,โหระพาเรสเตอรองท์ นนทบุรี,โหระพาเรสเตอรองท์ นนทบุรี,13,13,,1,1
593,แกงไทย ๔ ภาค,แกงไทย ๔ ภาค,3,3,,1,1
594,ทูรย์โภชนา,ทูรย์โภชนา,3,3,,1,1
595,วิมานทุ่ง,วิมานทุ่ง,19,19,,1,1
596,ครัวนครภัณฑ์ รัตนาธิเบศร์,ครัวนครภัณฑ์ รัตนาธิเบศร์,53,53,,1,1
597,ฮอกไกโด เก็นชิยากิ สีลม,ฮอกไกโด เก็นชิยากิ สีลม,64,64,,1,1
598,บ้านยาย,บ้านยาย,25,25,,1,1
599,ร้านอาหารรับลม,ร้านอาหารรับลม,18,18,,1,1
600,ก๋วยจั๊บข้าวขาหมูสะพาน 1,ก๋วยจั๊บข้าวขาหมูสะพาน 1,18,18,,1,1
601,ร้านเจ้อัญชลีทำอะไรก็อร่อย,ร้านเจ้อัญชลีทำอะไรก็อร่อย,12,12,,1,1
602,ราดหน้ายอดผักสูตร 40 ปี สวนผัก 32,ราดหน้ายอดผักสูตร 40 ปี สวนผัก 32,13,13,,1,1
603,โจ๊กสยามถนนพุทธมณฑลสาย4,โจ๊กสยามถนนพุทธมณฑลสาย4,2,2,,1,1
604,Thai Niyom Cuisine,Thai Niyom Cuisine,131,131,,1,1
605,ร้านครัวบ้านแม่@บางคูวัด,ร้านครัวบ้านแม่@บางคูวัด,18,18,,1,1
606,Eatview karaoke & restaurant,Eatview karaoke & restaurant,22,22,,1,1
607,Chef Kai De Café - เชฟไก่ เดอ คาเฟ่ สาขา คลอง 11 ลำลูกกา,Chef Kai De Café - เชฟไก่ เดอ คาเฟ่ สาขา คลอง 11 ลำลูกกา,66,66,,1,1
608,เนื้อแท้ : หนองจอก (Halal),เนื้อแท้ : หนองจอก (Halal),166,166,,1,1
609,Shichi Teppanyaki,Shichi Teppanyaki,11,11,,1,1
610,ร้านโรงเนื้อมิตรไมตรี,ร้านโรงเนื้อมิตรไมตรี,63,63,,1,1
611,Thug & Thyme,Thug & Thyme,6,6,,1,1
612,คำปอย,คำปอย,66,66,,1,1
613,ธรรมชาติ อีสาน บีช คาเฟ่,ธรรมชาติ อีสาน บีช คาเฟ่,72,72,,1,1
614,Neta​ Grill​ Market Village Suvarnabhumi,Neta​ Grill​ Market Village Suvarnabhumi,34,34,,1,1
615,กฤษฎาสเต็กเฮาส์,กฤษฎาสเต็กเฮาส์,43,43,,1,1
616,Chantana - ร้านอาหาร จันทนา,Chantana - ร้านอาหาร จันทนา,89,89,,1,1
617,Curry Lady,Curry Lady,5,5,,1,1
618,แซบหลาย by คุณนพ,แซบหลาย by คุณนพ,8,8,,1,1
619,ชิงช้า ชาบู,ชิงช้า ชาบู,10,10,,1,1
620,ร้านอาหารเกาหลี ดรัมบาร์บีคิว,ร้านอาหารเกาหลี ดรัมบาร์บีคิว,85,85,,1,1
621,ครัวบ้านคุณย่า สุขาภิบาล 5 ซ.32,ครัวบ้านคุณย่า สุขาภิบาล 5 ซ.32,56,56,,1,1
622,แซ่บวันรัชดา,แซ่บวันรัชดา,151,151,,1,1
623,กอ กล้วย คาเฟ่,กอ กล้วย คาเฟ่,20,20,,1,1
624,ร้านระเบียงริมน้ำ Rabeang Rimnum,ร้านระเบียงริมน้ำ Rabeang Rimnum,37,37,,1,1
625,ครัวรสพิศมัย,ครัวรสพิศมัย,23,23,,1,1
626,ร้านแสงไทยโภชนา,ร้านแสงไทยโภชนา,18,18,,1,1
627,ริมรั้วอีสาน,ริมรั้วอีสาน,19,19,,1,1
628,ไฟแรงโต้รุ่ง,ไฟแรงโต้รุ่ง,99,99,,1,1
629,ร้านอาหาร ครกไม้ไทยลาว ซอยลาดปลาเค้า 24,ร้านอาหาร ครกไม้ไทยลาว ซอยลาดปลาเค้า 24,99,99,,1,1
630,ร้านวัฒนะ,ร้านวัฒนะ,1,1,,1,1
631,มายโฮม คาเฟ่ แอนด์ บิสโทร,มายโฮม คาเฟ่ แอนด์ บิสโทร,76,76,,1,1
632,กินจุจัง ดอนเมือง,กินจุจัง ดอนเมือง,10,10,,1,1
633,อ้วน ข้าวมันไก่ รัชดาซอย 3,อ้วน ข้าวมันไก่ รัชดาซอย 3,167,167,,1,1
634,ครัวคุณสุ ซ.แจ้งวัฒนะ 12,ครัวคุณสุ ซ.แจ้งวัฒนะ 12,20,20,,1,1
635,บ้านยี่สาร,บ้านยี่สาร,143,143,,1,1
636,ตำเลยสเตชั่น By ยกครก,ตำเลยสเตชั่น By ยกครก,3,3,,1,1
637,เฮือนอุ้ยคำ ณ ท่าข้าม,เฮือนอุ้ยคำ ณ ท่าข้าม,11,11,,1,1
638,ก๋วยเตี๋ยวเรือริมสวน ฮาลาล,ก๋วยเตี๋ยวเรือริมสวน ฮาลาล,18,18,,1,1
639,ครัวระเบียงน้ำ ลาดกระบัง- Kruarabiengnam,ครัวระเบียงน้ำ ลาดกระบัง- Kruarabiengnam,46,46,,1,1
640,ครัวระเบียงน้ำ ลาดกระบัง,ครัวระเบียงน้ำ ลาดกระบัง,1,1,,1,1
641,Tanoshi Yakiniku บุฟเฟ่ต์ปิ้งย่างสไตล์ญี่ปุ่น,Tanoshi Yakiniku บุฟเฟ่ต์ปิ้งย่างสไตล์ญี่ปุ่น,109,109,,1,1
642,Jones' Salad สาขา ปั๊มบางจากเทพรักษ์-สายไหม (Bangchak gas station Thep Rak Saimai),Jones' Salad สาขา ปั๊มบางจากเทพรักษ์-สายไหม (Bangchak gas station Thep Rak Saimai),5,5,,1,1
643,ริมเลค Rimlake,ริมเลค Rimlake,15,15,,1,1
644,ร้าน อ้นส้มตำฟลอร่า,ร้าน อ้นส้มตำฟลอร่า,6,6,,1,1
645,เรือนไทยซีฟู้ด,เรือนไทยซีฟู้ด,1,1,,1,1
646,ครัวจอมพล,ครัวจอมพล,1,1,,1,1
647,ครัวริมน้ำ,ครัวริมน้ำ,1,1,,1,1
648,ร้านอาหาร เคียงเล,ร้านอาหาร เคียงเล,12,12,,1,1
649,โก๋ ริมคลอง,โก๋ ริมคลอง,3,3,,1,1
649,โก๋ ริมคลอง,โตริมคลอง,3,3,,1,0
650,ครัวหมวดแดง,ครัวหมวดแดง,9,9,,1,1
651,โรงรส,โรงรส,123,123,,1,1
652,ร้านอาหารครัวบ้านย่า,ร้านอาหารครัวบ้านย่า,24,24,,1,1
653,ต๋องเหนือ Express สายไหม,ต๋องเหนือ Express สายไหม,20,20,,1,1
654,ต.โชคชัย,ต.โชคชัย,20,20,,1,1
655,ครัวกะเหรี่ยงป่า,ครัวกะเหรี่ยงป่า,1,1,,1,1
656,เจ๊แดงซีฟู้ด,เจ๊แดงซีฟู้ด,23,23,,1,1
657,CANDY BOXES แคนดี้บ็อกเซส,CANDY BOXES แคนดี้บ็อกเซส,1,1,,1,1
658,กับข้าวกับกะพง,กับข้าวกับกะพง,16,16,,1,1
659,เขียวไข่กา สาขา นาคนิวาส,เขียวไข่กา สาขา นาคนิวาส,58,58,,1,1
660,ราชาข้าวต้ม ผักบุ้งลอยฟ้า,ราชาข้าวต้ม ผักบุ้งลอยฟ้า,77,77,,1,1
661,ลุงอ้วนโภชนา ดอนเมือง,ลุงอ้วนโภชนา ดอนเมือง,2,2,,1,1
662,ครัวลุงวร,ครัวลุงวร,34,34,,1,1
663,ครัวโต้ก้า Restaurant & Cafe',ครัวโต้ก้า Restaurant & Cafe',19,19,,1,1
664,ร้านแก้มลิง,ร้านแก้มลิง,6,6,,1,1
665,ร้านอาหารป่าครัวแม่วันดี,ร้านอาหารป่าครัวแม่วันดี,11,11,,1,1
666,กิมเฮง พาณิชย์,กิมเฮง พาณิชย์,188,188,,1,1
667,ร้านอาหาร อร่อยชัวร์ครัวเสือใหญ่,ร้านอาหาร อร่อยชัวร์ครัวเสือใหญ่,6,6,,1,1
668,สวีท ป๊อปปี้,สวีท ป๊อปปี้,11,11,,1,1
669,บ้านเจ๊ไพ กระทุ่มแบน,บ้านเจ๊ไพ กระทุ่มแบน,7,7,,1,1
670,ร้านอาหารอีสาน เป็นตาแซ่บ,ร้านอาหารอีสาน เป็นตาแซ่บ,41,41,,1,1
671,Nam Nam Pasta and Tapas @Central Ladprao,Nam Nam Pasta and Tapas @Central Ladprao,27,27,,1,1
672,โอยั๊วะ ริเวอร์เทอเรส,โอยั๊วะ ริเวอร์เทอเรส,82,82,,1,1
673,ร้านอาหารบ้านกลิ่นไอทะเล,ร้านอาหารบ้านกลิ่นไอทะเล,53,53,,1,1
674,ร้าน เจ๊นา รสเด็ด,ร้าน เจ๊นา รสเด็ด,5,5,,1,1
675,ครัวบ้านนอกบาร์,ครัวบ้านนอกบาร์,2,2,,1,1
676,MADI CRAFT,MADI CRAFT,1,1,,1,1
677,ร้านอาหารบ้านสุขนิยม รัชดา 32,ร้านอาหารบ้านสุขนิยม รัชดา 32,24,24,,1,1
678,เปียงยาง ปิ้งย่างเกาหลี 219 ที่สุดในศาลายา pyongyangBBQ,เปียงยาง ปิ้งย่างเกาหลี 219 ที่สุดในศาลายา pyongyangBBQ,84,84,,1,1
679,สตีฟ คาเฟ่ แอนด์ ครุยซีน,สตีฟ คาเฟ่ แอนด์ ครุยซีน,55,55,,1,1
680,ร้านอาหารสวนใบบัว,ร้านอาหารสวนใบบัว,35,35,,1,1
681,เรือ(น)อร่อยเตี๋ยวน้ำตกข้าวกะเพรา,เรือ(น)อร่อยเตี๋ยวน้ำตกข้าวกะเพรา,5,5,,1,1
682,บ้านสะออน BaanSaOn (ร้านอาหาร​ คาแฟ่ คราฟเบียร์),บ้านสะออน BaanSaOn (ร้านอาหาร​ คาแฟ่ คราฟเบียร์),23,23,,1,1
683,ครัวเจ๊หมึก มหาชัย # Jay Ink Kitchen Mahachai,ครัวเจ๊หมึก มหาชัย # Jay Ink Kitchen Mahachai,9,9,,1,1
684,Wakame Ramen สาขาอินท์-อินเตอร์เซคพระราม 3,Wakame Ramen สาขาอินท์-อินเตอร์เซคพระราม 3,53,53,,1,1
685,ร้านอาหารรสดัง,ร้านอาหารรสดัง,22,22,,1,1
686,ครัวนุช-โหน่ง(Byเจ้นุชส้มตำบุรีรัมย์),ครัวนุช-โหน่ง(Byเจ้นุชส้มตำบุรีรัมย์),4,4,,1,1
687,ชะพลู,ชะพลู,8,8,,1,1
688,อีสานเบรคแตก,อีสานเบรคแตก,6,6,,1,1
689,ร้านหรอยจังหูนิ,ร้านหรอยจังหูนิ,10,10,,1,1
690,ร้านบ้านขมิ้น,ร้านบ้านขมิ้น,43,43,,1,1
691,ร้านบัว อาหารตามสั่ง,ร้านบัว อาหารตามสั่ง,2,2,,1,1
692,ร้าน รุ่งทะเลเดือด ซีฟู๊ด,ร้าน รุ่งทะเลเดือด ซีฟู๊ด,16,16,,1,1
693,ครัวหน้าสวน,ครัวหน้าสวน,9,9,,1,1
694,ครัวคุณอาร์ต ข้าวต้มโต้รุ่ง 01,ครัวคุณอาร์ต ข้าวต้มโต้รุ่ง 01,87,87,,1,1
695,ครัวเพลินพุง รสเด็ด,ครัวเพลินพุง รสเด็ด,55,55,,1,1
696,กระท่อมรจนา,กระท่อมรจนา,36,36,,1,1
697,หม่าล่าปุณณวิถี ต้นตำรับเสฉวน เริ่มต้นที่ 5 บาท,หม่าล่าปุณณวิถี ต้นตำรับเสฉวน เริ่มต้นที่ 5 บาท,7,7,,1,1
698,ครัวบ้านมั่น,ครัวบ้านมั่น,5,5,,1,1
699,ธัญรส บางบ่อ (ก๋วยเตี๋ยวเนื้อ หมู),ธัญรส บางบ่อ (ก๋วยเตี๋ยวเนื้อ หมู),32,32,,1,1
700,ร้านสวีท,ร้านสวีท,34,34,,1,1
701,ร้านอาหารอีสานโฮแซว,ร้านอาหารอีสานโฮแซว,1,1,,1,1
702,ลาบภูไท,ลาบภูไท,6,6,,1,1
703,ครัวปู่ชัย สวนอาหาร&คาเฟ่,ครัวปู่ชัย สวนอาหาร&คาเฟ่,60,60,,1,1
704,ร้านบ้านสวย Ban Suay Cafe & Restaurant,ร้านบ้านสวย Ban Suay Cafe & Restaurant,21,21,,1,1
705,ข้าวแกงเตาปูน​ (ป้าจำเริญ) ซ. 4,ข้าวแกงเตาปูน​ (ป้าจำเริญ) ซ. 4,102,102,,1,1
706,ร้าน3บ้าน8บ้าน,ร้าน3บ้าน8บ้าน,16,16,,1,1
707,บ้านระหัดน้ำ,บ้านระหัดน้ำ,2,2,,1,1
708,View na cafe (วิวนา คาเฟ่),View na cafe (วิวนา คาเฟ่),1,1,,1,1
709,ครัวท่าดินแดง,ครัวท่าดินแดง,1,1,,1,1
710,ร้าน ยอดกุ๊กโภชนา,ร้าน ยอดกุ๊กโภชนา,12,12,,1,1
711,ร้านอาหารชูใจ,ร้านอาหารชูใจ,3,3,,1,1
712,Vegetarian by So Vegan ร้านอาหารเจ อาหารมังสวิรัติ สาขาโลตัสลาดพร้าว เขตจตุจักร,Vegetarian by So Vegan ร้านอาหารเจ อาหารมังสวิรัติ สาขาโลตัสลาดพร้าว เขตจตุจักร,3,3,,1,1
713,Bonchon Bang Bon 5,Bonchon Bang Bon 5,3,3,,1,1
714,ครัวคุณต๋อย,ครัวคุณต๋อย,10,10,,1,1
714,ครัวคุณต๋อย,ครัวคุณออย,10,1,,1,0
715,ขนมจีนแกงใต้ นครศรีธรรมราช (ป้านิ่ม),ขนมจีนแกงใต้ นครศรีธรรมราช (ป้านิ่ม),6,6,,1,1
716,ร้านบาบีคิวรัชดา5,ร้านบาบีคิวรัชดา5,3,3,,1,1
717,ตำลั่นทุ่ง,ตำลั่นทุ่ง,87,87,,1,1
718,เทียนทะเล,เทียนทะเล,1,1,,1,1
719,ร้านบ้านหัวมุม รัชดาซอย3(Baan hua mum ratchada soi3),ร้านบ้านหัวมุม รัชดาซอย3(Baan hua mum ratchada soi3),11,11,,1,1
720,ร้าน อร่อยกด 1,ร้าน อร่อยกด 1,7,7,,1,1
721,แบล็ค อินุ อิซากายะ นครอินทร์ พระราม 5,แบล็ค อินุ อิซากายะ นครอินทร์ พระราม 5,47,47,,1,1
722,โรงอาหารกลาง 1 (บาร์ใหม่),โรงอาหารกลาง 1 (บาร์ใหม่),48,48,,1,1
723,ครัวเคียงน้ำ ลำลูกกา,ครัวเคียงน้ำ ลำลูกกา,49,49,,1,1
724,ซูชิมั้ย เพชรเกษม หนองแขม,ซูชิมั้ย เพชรเกษม หนองแขม,13,13,,1,1
725,ร้านอาหาร สามเสนวิลล่า สาขาพญาไท (ดั้งเดิม),ร้านอาหาร สามเสนวิลล่า สาขาพญาไท (ดั้งเดิม),72,72,,1,1
726,เจ๊หน่อยต้มยำกุ้ง,เจ๊หน่อยต้มยำกุ้ง,3,3,,1,1
727,เจริญศรี JAS Green Village Kubon,เจริญศรี JAS Green Village Kubon,1,1,,1,1
728,อยู่เจริญ,อยู่เจริญ,14,14,,1,1
729,Lyn homecoffee & homecook,Lyn homecoffee & homecook,16,16,,1,1
730,ร้านอาหารดาวเรือง,ร้านอาหารดาวเรือง,16,16,,1,1
731,เติมเต็มพุง หมูกระทะวากิว แคมป์ปิ้ง,เติมเต็มพุง หมูกระทะวากิว แคมป์ปิ้ง,101,101,,1,1
732,ร้านตี๋ใหญ่ ซอยมังกร,ร้านตี๋ใหญ่ ซอยมังกร,16,16,,1,1
733,ร้านครัวแซ่บริมบึง,ร้านครัวแซ่บริมบึง,1,1,,1,1
734,ดอลล่าอาหารอีสาน&อาหารตามสั่ง,ดอลล่าอาหารอีสาน&อาหารตามสั่ง,2,2,,1,1
735,ส้มตำ มหานคร - อาหารอีสาน จิ้มจุ่ม แจ่วฮ้อน ส้มตำ ลาบ ก้อย ยำ ย่าง,ส้มตำ มหานคร - อาหารอีสาน จิ้มจุ่ม แจ่วฮ้อน ส้มตำ ลาบ ก้อย ยำ ย่าง,14,14,,1,1
736,ITAEWON K-Food,ITAEWON K-Food,30,30,,1,1
737,ร้านอาหารอรุณสวัสดิ์,ร้านอาหารอรุณสวัสดิ์,6,6,,1,1
738,ร้านแซ่บสัส ตลาดนกฮูก,ร้านแซ่บสัส ตลาดนกฮูก,9,9,,1,1
739,ร้านกินลาบ เลียบด่วนทุ่งครุ,ร้านกินลาบ เลียบด่วนทุ่งครุ,7,7,,1,1
740,โทเมโทเอ็กซ์,โทเมโทเอ็กซ์,14,14,,1,1
741,ในฝัน คาเฟ่,ในฝัน คาเฟ่,19,19,,1,1
742,ร้านป้าพา,ร้านป้าพา,7,7,,1,1
743,ร้านบ้านปู่ BaanPuu - สเต็กริมคลอง,ร้านบ้านปู่ BaanPuu - สเต็กริมคลอง,3,3,,1,1
744,SSamthing Together โรบินสัน ราชพฤกษ์,SSamthing Together โรบินสัน ราชพฤกษ์,23,23,,1,1
745,Rock Zeed,Rock Zeed,12,12,,1,1
746,Food Farm,Food Farm,17,17,,1,1
747,The Waterside at Chesadabodin,The Waterside at Chesadabodin,42,42,,1,1
748,Eat Drink Love Suvarnabhumi,Eat Drink Love Suvarnabhumi,12,12,,1,1
749,ร้านกระเทียมพริกไทยดำ,ร้านกระเทียมพริกไทยดำ,39,39,,1,1
750,ร้านอาหารอีสานคำแพง,ร้านอาหารอีสานคำแพง,2,2,,1,1
751,สุกี้ตี๋น้อย โอโซนวัน - สรงประภา,สุกี้ตี๋น้อย โอโซนวัน - สรงประภา,36,36,,1,1
752,โกปี๊ เมืองตรัง,โกปี๊ เมืองตรัง,19,19,,1,1
753,Tong8 cafe & Restaurant,Tong8 cafe & Restaurant,8,8,,1,1
754,ครัวสา รสจัด,ครัวสา รสจัด,123,123,,1,1
755,ครัว พรมสุวรรณ์,ครัว พรมสุวรรณ์,6,6,,1,1
756,I Feel Good,I Feel Good,1,1,,1,1
757,ปื้นเมืองลำปาง Puenmueang Lampang,ปื้นเมืองลำปาง Puenmueang Lampang,15,15,,1,1
758,ร้านอาหารจันทร์รพี,ร้านอาหารจันทร์รพี,21,21,,1,1
759,Tom's Enzo Trattoria,Tom's Enzo Trattoria,1,1,,1,1
760,โคขุนหม้อไฟ,โคขุนหม้อไฟ,156,156,,1,1
761,ร้านอาหารเสวย,ร้านอาหารเสวย,26,26,,1,1
762,ข้าวต้มนายพุธ (เจ้าเก่า),ข้าวต้มนายพุธ (เจ้าเก่า),56,56,,1,1
763,เพลิน ติ่มซำ,เพลิน ติ่มซำ,14,14,,1,1
764,เมฆรา คาเฟ่ไทยไทย,เมฆรา คาเฟ่ไทยไทย,9,9,,1,1
765,Champ A la carte restaurant,Champ A la carte restaurant,5,5,,1,1
766,ร้านปากหม้อญวน ก๋วยจั๊บญวน ต้นตำรับ - รังสิต-ธัญบุรี,ร้านปากหม้อญวน ก๋วยจั๊บญวน ต้นตำรับ - รังสิต-ธัญบุรี,56,56,,1,1
767,ร้านอาหารหลานโกฮับ,ร้านอาหารหลานโกฮับ,177,177,,1,1
768,แกงป่า ศรีย่าน,แกงป่า ศรีย่าน,216,216,,1,1
769,ร้านอาหารอีสานแม่อลิส,ร้านอาหารอีสานแม่อลิส,2,2,,1,1
770,Big Daddy's Steaks & BBQ,Big Daddy's Steaks & BBQ,13,13,,1,1
771,Crackhouse,Crackhouse,18,18,,1,1
772,ร้านเจกวนอิมบางใหญ่,ร้านเจกวนอิมบางใหญ่,2,2,,1,1
773,บางใหญ่ ไก่ย่าง(เวียงจันทน์),บางใหญ่ ไก่ย่าง(เวียงจันทน์),20,20,,1,1
774,อาหารเหนือ ประตูเวียง,อาหารเหนือ ประตูเวียง,31,31,,1,1
775,ร้านป้าแต๋น,ร้านป้าแต๋น,12,12,,1,1
776,ครัวในซอย,ครัวในซอย,87,87,,1,1
777,บึงดร.บดินทร์,บึงดร.บดินทร์,6,6,,1,1
778,มนัสโภชนา,มนัสโภชนา,20,20,,1,1
779,เซ'-เวอะ สเตชั่น มีนบุรี,เซ'-เวอะ สเตชั่น มีนบุรี,5,5,,1,1
780,ราดหน้าฟาไฉ (ลำลูกกา หทัยราษฎร์ สายไหม),ราดหน้าฟาไฉ (ลำลูกกา หทัยราษฎร์ สายไหม),38,38,,1,1
781,ร้านมุมสบาย จรัญสนิทวงศ์13,ร้านมุมสบาย จรัญสนิทวงศ์13,10,10,,1,1
782,T and T Restaurant,T and T Restaurant,15,15,,1,1
783,บ้านอิ่มสบาย,บ้านอิ่มสบาย,79,79,,1,1
784,ข้าวต้มรุ่งเรืองต้มยำหัวปลา,ข้าวต้มรุ่งเรืองต้มยำหัวปลา,37,37,,1,1
785,ครัวต้นรัก - พันท้ายนรสิงห์,ครัวต้นรัก - พันท้ายนรสิงห์,6,6,,1,1
786,ร้านอินทนนท์ (สุขาภิบาล5 ซ.26),ร้านอินทนนท์ (สุขาภิบาล5 ซ.26),12,12,,1,1
787,ลิตเติ้ลลอฟท์ คาเฟ่ แอนด์ ฟาร์ม,ลิตเติ้ลลอฟท์ คาเฟ่ แอนด์ ฟาร์ม,43,43,,1,1
788,ชนะพลโภชนา,ชนะพลโภชนา,68,68,,1,1
789,โหงวโภชนา,โหงวโภชนา,16,16,,1,1
790,สำราญ เริงใจ,สำราญ เริงใจ,15,15,,1,1
791,ตำดีจัง (ประชาชื่น24),ตำดีจัง (ประชาชื่น24),26,26,,1,1
792,สมน้ำสมเนื้อ,สมน้ำสมเนื้อ,16,16,,1,1
793,สมบูรณ์ไทย,สมบูรณ์ไทย,164,164,,1,1
794,Zapp Inner ร้านอาหารอีสาน ถ.พัฒนาการ,Zapp Inner ร้านอาหารอีสาน ถ.พัฒนาการ,3,3,,1,1
795,คาเฟ่บ้านก๋ง,คาเฟ่บ้านก๋ง,11,11,,1,1
796,บ้านไม้หอม สมุทรสาคร,บ้านไม้หอม สมุทรสาคร,20,20,,1,1
797,ครัวบ้านสวน By Madam Apple,ครัวบ้านสวน By Madam Apple,87,87,,1,1
798,กลางนาคาเฟ่ แอนด์ เรสเตอรองท์,กลางนาคาเฟ่ แอนด์ เรสเตอรองท์,2,2,,1,1
799,เก๋หมู่บ้านนักกีฬา,เก๋หมู่บ้านนักกีฬา,11,11,,1,1
800,ครัวท้ายซอย พัฒนาการ1,ครัวท้ายซอย พัฒนาการ1,9,9,,1,1
801,โก๋กลางนา,โก๋กลางนา,1,1,,1,1
802,โอบอวล,โอบอวล,70,70,,1,1
803,ร้านโคะโตะยะ (Koto-ya),ร้านโคะโตะยะ (Koto-ya),25,25,,1,1
804,ออน ล็อก หยุ่น,ออน ล็อก หยุ่น,2,2,,1,1
805,Paknang.bkk ปากนัง อาหารใต้,Paknang.bkk ปากนัง อาหารใต้,132,132,,1,1
806,ครัวสายธาร,ครัวสายธาร,5,5,,1,1
807,Restaurant POTONG,Restaurant POTONG,13,13,,1,1
808,ร้านอาหารเดอะเวฟ,ร้านอาหารเดอะเวฟ,24,24,,1,1
809,ว่านฟ่านหม่าล่า ณ กระทุ่มแบน,ว่านฟ่านหม่าล่า ณ กระทุ่มแบน,23,23,,1,1
810,หลงใหล Restaurant & Bar,หลงใหล Restaurant & Bar,18,18,,1,1
811,มักข้าวซอย,มักข้าวซอย,35,35,,1,1
812,สมฤดี บางปู--Somrudee Restaurant,สมฤดี บางปู--Somrudee Restaurant,8,8,,1,1
813,ครัวคุณนายชายคลอง,ครัวคุณนายชายคลอง,14,14,,1,1
814,ร้านขายขนมจีนแม่ลำดวน 4 ภาค วัชรพล รามอินทรา,ร้านขายขนมจีนแม่ลำดวน 4 ภาค วัชรพล รามอินทรา,21,21,,1,1
815,บันเทิงบาร์ แอนด์ เรสเตอรองท์,บันเทิงบาร์ แอนด์ เรสเตอรองท์,1,1,,1,1
816,ครัวสวนกระแส,ครัวสวนกระแส,11,11,,1,1
817,ร้านนายพล,ร้านนายพล,11,11,,1,1
818,ตี๋เตี๋ยวยำ,ตี๋เตี๋ยวยำ,76,76,,1,1
819,ร้านแกงใต้ ปากพนัง,ร้านแกงใต้ ปากพนัง,33,33,,1,1
820,สะ-เต็ก สะ-ตำ,สะ-เต็ก สะ-ตำ,74,74,,1,1
821,ร้านอาหารอีสานพาสวบ แพรกษา,ร้านอาหารอีสานพาสวบ แพรกษา,93,93,,1,1
822,สเต็กลุงใหญ่ สาขา พันท้ายนรสิงห์,สเต็กลุงใหญ่ สาขา พันท้ายนรสิงห์,1,1,,1,1
823,Jack Diamond,Jack Diamond,52,52,,1,1
824,ซูชิจูบัน สาขา พญาไท,ซูชิจูบัน สาขา พญาไท,9,9,,1,1
825,ครัวข้าวหอม พัฒนาการ​,ครัวข้าวหอม พัฒนาการ​,15,15,,1,1
826,ครัวรุ่งมณี ขัาวต้มโต้รุ่ง,ครัวรุ่งมณี ขัาวต้มโต้รุ่ง,4,4,,1,1
827,ไทร อีทเทอรี่,ไทร อีทเทอรี่,31,31,,1,1
828,Journey Of Meats - ซอยรามคำแหง24 แยก20,Journey Of Meats - ซอยรามคำแหง24 แยก20,63,63,,1,1
829,มะลิ เฮ้าส์,มะลิ เฮ้าส์,1,1,,1,1
830,อร่อยในสวน,อร่อยในสวน,1,1,,1,1
831,ศ.สุพรชัย 39,ศ.สุพรชัย 39,12,12,,1,1
832,เฮียแบะ บางโพ ( 2504 ),เฮียแบะ บางโพ ( 2504 ),154,154,,1,1
833,สวนอาหารกินข้าวกินปลา หนองจอก,สวนอาหารกินข้าวกินปลา หนองจอก,13,13,,1,1
834,ครกไม้ไทยลาว ซ.มัยลาภ,ครกไม้ไทยลาว ซ.มัยลาภ,65,65,,1,1
835,ครัวศรีตรัง,ครัวศรีตรัง,27,27,,1,1
836,ร้านอาหารและคาเฟ่สวีเดน (อิเกีย สุขุมวิท),ร้านอาหารและคาเฟ่สวีเดน (อิเกีย สุขุมวิท),20,20,,1,1
837,รองตองอาหารตามสั่ง,รองตองอาหารตามสั่ง,1,1,,1,1
838,วูดู,วูดู,33,33,,1,1
839,ครัวบริสุทธิ์,ครัวบริสุทธิ์,1,1,,1,1
840,ร้านอาหาร จันทน์ จุ่มแซ่บ(ป้ายมเจ้าเก่า),ร้านอาหาร จันทน์ จุ่มแซ่บ(ป้ายมเจ้าเก่า),11,11,,1,1
841,Chef's Table by Chef Art,Chef's Table by Chef Art,2,2,,1,1
842,Catory Pizza สาขาประชาอุทิศ,Catory Pizza สาขาประชาอุทิศ,7,7,,1,1
843,ครัวกัลยาสุวรรณภูมิ,ครัวกัลยาสุวรรณภูมิ,1,1,,1,1
844,ลักษณ์อร่อย,ลักษณ์อร่อย,6,6,,1,1
845,ครัวบ้านสวนเสือใหญ่,ครัวบ้านสวนเสือใหญ่,18,18,,1,1
846,สวนทิพย์,สวนทิพย์,56,56,,1,1
847,At Home Cafe & Eatery,At Home Cafe & Eatery,56,56,,1,1
848,ภัตชม ริมทาง โภชนา,ภัตชม ริมทาง โภชนา,28,28,,1,1
849,รสมือแม่,รสมือแม่,73,73,,1,1
850,ร้านอาหารนูรจาฮัน,ร้านอาหารนูรจาฮัน,10,10,,1,1
851,ส.เสริมมิตร (อาหารไทยสตรีทฟู้ด),ส.เสริมมิตร (อาหารไทยสตรีทฟู้ด),19,19,,1,1
852,ร้านอาหาร​บ้าน​แบบ​ไทย,ร้านอาหาร​บ้าน​แบบ​ไทย,43,43,,1,1
853,อัญญาเพลส,อัญญาเพลส,90,90,,1,1
854,Shokunin Izakaya โชคุนิน อิซากายะ,Shokunin Izakaya โชคุนิน อิซากายะ,26,26,,1,1
855,นนท์ ตำแหลก,นนท์ ตำแหลก,166,166,,1,1
856,พริกคั่ว กะปิหอม,พริกคั่ว กะปิหอม,50,50,,1,1
857,VSenso by Chef Toey,VSenso by Chef Toey,11,11,,1,1
858,K ตะวันแดง บางบอน 5,K ตะวันแดง บางบอน 5,8,8,,1,1
859,ร้านข้าวแกงบ้านขนมจีน,ร้านข้าวแกงบ้านขนมจีน,33,33,,1,1
860,ครัวลุงโห ซีฟู้ด,ครัวลุงโห ซีฟู้ด,79,79,,1,1
861,ร้านอาหารป่า,ร้านอาหารป่า,1,1,,1,1
862,โจ๊กคัพ จั๊บญวน,โจ๊กคัพ จั๊บญวน,2,2,,1,1
863,ร้านโจ๊กท้ายบ้าน (เจ้าเก่า),ร้านโจ๊กท้ายบ้าน (เจ้าเก่า),5,5,,1,1
864,ร้านอาหาร ครัวออมมี่ Omakase Home Kitchen Oommy's Kitchen,ร้านอาหาร ครัวออมมี่ Omakase Home Kitchen Oommy's Kitchen,7,7,,1,1
865,ข้าวมันไก่มาช,ข้าวมันไก่มาช,17,17,,1,1
866,ร้านอาหารพรรคพวก karaoke,ร้านอาหารพรรคพวก karaoke,1,1,,1,1
867,ร้านอาหารบ้านสวนใบเงิน,ร้านอาหารบ้านสวนใบเงิน,1,1,,1,1
868,ล้านปีใหม่,ล้านปีใหม่,18,18,,1,1
869,ครัวคุณยาย (ศาลพันท้าย),ครัวคุณยาย (ศาลพันท้าย),17,17,,1,1
870,โต๋วโภชนา,โต๋วโภชนา,152,152,,1,1
871,ครัวหวานใจ,ครัวหวานใจ,1,1,,1,1
872,Black Canyon ปตท.สุวินทวงศ์40,Black Canyon ปตท.สุวินทวงศ์40,3,3,,1,1
873,Kouen Sushi Bar | AIA Capital Center,Kouen Sushi Bar | AIA Capital Center,52,52,,1,1
874,บ้านลุงลี By ตำทะเลมหาชัย,บ้านลุงลี By ตำทะเลมหาชัย,19,19,,1,1
875,ร้านอาหารจีน ฮั่วเซ่งฮง นวลจันทร์ Huasenghong,ร้านอาหารจีน ฮั่วเซ่งฮง นวลจันทร์ Huasenghong,35,35,,1,1
876,ร้านเจ๊ปลา คลอง 8 อาหารตามสั่ง ก๋วยเตี๋ยวหมู เย็นตาโฟ,ร้านเจ๊ปลา คลอง 8 อาหารตามสั่ง ก๋วยเตี๋ยวหมู เย็นตาโฟ,19,19,,1,1
877,จุ่มยักษ์บางใหญ่,จุ่มยักษ์บางใหญ่,22,22,,1,1
878,ร้านข้าวแกงปักษ์ใต้ พัทลุง,ร้านข้าวแกงปักษ์ใต้ พัทลุง,12,12,,1,1
879,คุ้มสกุล พลาซ่า,คุ้มสกุล พลาซ่า,8,8,,1,1
880,ครัวอร่อย ราชดำริ,ครัวอร่อย ราชดำริ,169,169,,1,1
881,เหลียงโก๋ โภชนา,เหลียงโก๋ โภชนา,46,46,,1,1
882,ร้านกาฬสินธุ์รสแซ่บ นนทบุรี,ร้านกาฬสินธุ์รสแซ่บ นนทบุรี,52,52,,1,1
883,ครัวเกษม ข้าวแกงไทย,ครัวเกษม ข้าวแกงไทย,81,81,,1,1
884,ครัวขาหมูอาเสี่ย,ครัวขาหมูอาเสี่ย,110,110,,1,1
885,ร้านลุงกับป้า,ร้านลุงกับป้า,64,64,,1,1
886,เพลินพุงกุ้งเผา,เพลินพุงกุ้งเผา,198,198,,1,1
887,แม่จำเรียง ก๋วยเตี๋ยวเรืออยุธยา และอาหารตามสั่ง,แม่จำเรียง ก๋วยเตี๋ยวเรืออยุธยา และอาหารตามสั่ง,12,12,,1,1
888,ร้านข้าวหมูทอดเต็มอิ่ม บางบอน3,ร้านข้าวหมูทอดเต็มอิ่ม บางบอน3,68,68,,1,1
889,กินลมชมรถไฟ @บึงกานต์ สถานีรถไฟหัวหมาก ซอยศรีนครินทร์ 12,กินลมชมรถไฟ @บึงกานต์ สถานีรถไฟหัวหมาก ซอยศรีนครินทร์ 12,5,5,,1,1
890,แบมบูหมูกระทะบุฟเฟต์ เมืองทองธานี,แบมบูหมูกระทะบุฟเฟต์ เมืองทองธานี,80,80,,1,1
891,เเซ่บยโส 2 เมืองทอง,เเซ่บยโส 2 เมืองทอง,46,46,,1,1
892,โมหมูกระทะ(อยู่ในซอยวัดสามง่าม)ชุดเล็ก200ใหญ่300ซื้อ2แถม1,โมหมูกระทะ(อยู่ในซอยวัดสามง่าม)ชุดเล็ก200ใหญ่300ซื้อ2แถม1,5,5,,1,1
893,พ..โภชนา-ดอนเมือง-( Por..Po-cha-na ),พ..โภชนา-ดอนเมือง-( Por..Po-cha-na ),18,18,,1,1
894,ครัวอิ่มสบาย,ครัวอิ่มสบาย,11,11,,1,1
895,ร้านครัวยกนิ้ว ข้าวต้มฟรี,ร้านครัวยกนิ้ว ข้าวต้มฟรี,104,104,,1,1
896,SRP GARDEN BAR&RESTAURANT,SRP GARDEN BAR&RESTAURANT,18,18,,1,1
897,ร้านอาหารไทยคันทรี,ร้านอาหารไทยคันทรี,2,2,,1,1
898,อุ่นไอฟาง กินข้าวบ้านเพื่อน,อุ่นไอฟาง กินข้าวบ้านเพื่อน,11,11,,1,1
899,ร้านไหนซีฟู้ด,ร้านไหนซีฟู้ด,2,2,,1,1
900,ปลาร้าหอมคราฟท์bysasiหทัยราษฎร์,ปลาร้าหอมคราฟท์bysasiหทัยราษฎร์,27,27,,1,1
901,Latirra,Latirra,9,9,,1,1
902,ส้มตำเกษร,ส้มตำเกษร,48,48,,1,1
903,คนละหม้อ Konlamoh,คนละหม้อ Konlamoh,146,146,,1,1
904,ร้านอาหารกันเอง,ร้านอาหารกันเอง,20,20,,1,1
905,ร้านอาหารและคาเฟ่สวีเดน (อิเกีย บางใหญ่),ร้านอาหารและคาเฟ่สวีเดน (อิเกีย บางใหญ่),15,15,,1,1
906,ลาบร้อยเอ็ดตลาดทรัพย์ทวี,ลาบร้อยเอ็ดตลาดทรัพย์ทวี,6,6,,1,1
907,ครัวจามจุรี by เจ๊นาถ,ครัวจามจุรี by เจ๊นาถ,4,4,,1,1
908,ร้านอาหารอีสานนายฮ้อยเผือก,ร้านอาหารอีสานนายฮ้อยเผือก,11,11,,1,1
909,ครัวข้าวแกง,ครัวข้าวแกง,11,11,,1,1
910,ครัวเจ๊นิล,ครัวเจ๊นิล,37,37,,1,1
911,ถูกและดี หลักสี่,ถูกและดี หลักสี่,85,85,,1,1
912,ร้านแซ่บสุรินทร์,ร้านแซ่บสุรินทร์,2,2,,1,1
913,ครัวพิมล ปั๊ม ปตท. ศรีนครินทร์-ร่มเกล้า,ครัวพิมล ปั๊ม ปตท. ศรีนครินทร์-ร่มเกล้า,17,17,,1,1
914,โชคดี,โชคดี,30,30,,1,1
915,ครัวปอปลาตากลม,ครัวปอปลาตากลม,1,1,,1,1
916,เจ้จิต โภชนาซอยมังกร,เจ้จิต โภชนาซอยมังกร,6,6,,1,1
917,ฮ้องยายคำ อาหารเหนือ,ฮ้องยายคำ อาหารเหนือ,35,35,,1,1
918,ฮ้องยายคำ อาหารเหนือ (Hong Yai Kham),ฮ้องยายคำ อาหารเหนือ (Hong Yai Kham),48,48,,1,1
919,Sam Gyup Sal Korean BBQ ซัมกยอบซัล    สาขาสรงประภา1,Sam Gyup Sal Korean BBQ ซัมกยอบซัล    สาขาสรงประภา1,84,84,,1,1
920,ร้าน สำราญโภชนา นครปฐม ตลาด อตก.,ร้าน สำราญโภชนา นครปฐม ตลาด อตก.,2,2,,1,1
921,โอซาว่าราเมน สุวรรณภูมิ ลาดกระบัง,โอซาว่าราเมน สุวรรณภูมิ ลาดกระบัง,34,34,,1,1
922,Oba Izakaya - ร้านอาหารญี่ปุ่น โอบะ อิซากายะ,Oba Izakaya - ร้านอาหารญี่ปุ่น โอบะ อิซากายะ,18,18,,1,1
923,อาโกวโภชนา,อาโกวโภชนา,33,33,,1,1
924,เจริญพุงโภชนา,เจริญพุงโภชนา,90,90,,1,1
925,ครัวยายเปล่ง,ครัวยายเปล่ง,157,157,,1,1
926,ครัวคุณปุ๊ก,ครัวคุณปุ๊ก,78,78,,1,1
927,ร้านบ้านริมคลอง ครัวหงษ์ฟ้า,ร้านบ้านริมคลอง ครัวหงษ์ฟ้า,13,13,,1,1
928,ร้านแม่ม่ายสายเมา,ร้านแม่ม่ายสายเมา,3,3,,1,1
929,ขาหมู ตั่วซุง,ขาหมู ตั่วซุง,44,44,,1,1
930,Took Lae Dee,Took Lae Dee,68,68,,1,1
931,เพชร โภชนา,เพชร โภชนา,5,5,,1,1
932,Lankhrok ล้านครก,Lankhrok ล้านครก,2,2,,1,1
933,Lannua Zaab in the garden,Lannua Zaab in the garden,92,92,,1,1
934,ร้านอาหารเรือนริมนา,ร้านอาหารเรือนริมนา,8,8,,1,1
935,ธ.โภชนา,ธ.โภชนา,27,27,,1,1
936,ชาเต็ก คอนเนอร์ (ChaTeak Conner),ชาเต็ก คอนเนอร์ (ChaTeak Conner),2,2,,1,1
937,DE FACTO CAFE AND EATERY,DE FACTO CAFE AND EATERY,19,19,,1,1
938,ป้าบุญล้อม บุฟเฟต์,ป้าบุญล้อม บุฟเฟต์,146,146,,1,1
939,ชัยเมศร์เหลาริมทาง,ชัยเมศร์เหลาริมทาง,50,50,,1,1
940,The Landmark @สายไหม,The Landmark @สายไหม,2,2,,1,1
941,ครัวตุ๊กตา ซีฟู้ด,ครัวตุ๊กตา ซีฟู้ด,151,151,,1,1
942,ตำนานคนอีสาน,ตำนานคนอีสาน,11,11,,1,1
943,ครัวแม่โดมอร่อยพุงกาง,ครัวแม่โดมอร่อยพุงกาง,6,6,,1,1
944,ร้านบ้านตั้ว,ร้านบ้านตั้ว,3,3,,1,1
945,แม่ชาม้าย - Meachamai,แม่ชาม้าย - Meachamai,1,1,,1,1
946,ร้านก๋วยเตี๋ยวอาจารย์อ้วน,ร้านก๋วยเตี๋ยวอาจารย์อ้วน,5,5,,1,1
947,blackfatEATS,blackfatEATS,3,3,,1,1
948,ร้านอาหารตามสั่งปากซอย 51,ร้านอาหารตามสั่งปากซอย 51,4,4,,1,1
949,ครัวเมืองเว้ ลาว ญวน เกษตร- นวมินทร์,ครัวเมืองเว้ ลาว ญวน เกษตร- นวมินทร์,58,58,,1,1
950,จ๊ะโอ๋ซีฟู้ด,จ๊ะโอ๋ซีฟู้ด,111,111,,1,1
951,เสือตังเก (Fisher Tiger) กาญจนาภิเษก-บางแค,เสือตังเก (Fisher Tiger) กาญจนาภิเษก-บางแค,71,71,,1,1
952,ต้องตาปูดอง,ต้องตาปูดอง,75,75,,1,1
953,ครัวบ้านอา ร้านอาหารริมน้ำบรรยากาศดี,ครัวบ้านอา ร้านอาหารริมน้ำบรรยากาศดี,12,12,,1,1
954,RARK (ราก),RARK (ราก),23,23,,1,1
955,ร้านอาหารญี่ปุ่นไดกง กิ่งแก้ว สาขา5,ร้านอาหารญี่ปุ่นไดกง กิ่งแก้ว สาขา5,7,7,,1,1
956,ร้านข้าวต้มก้าวหน้า ซังฮี้,ร้านข้าวต้มก้าวหน้า ซังฮี้,59,59,,1,1
957,ครัวดาวศุกร์,ครัวดาวศุกร์,57,57,,1,1
958,ซ่อนกลิ่น ไลฟ์สไตล์ คาเฟ่,ซ่อนกลิ่น ไลฟ์สไตล์ คาเฟ่,88,88,,1,1
959,MALATIME @ลาดกระบัง,MALATIME @ลาดกระบัง,21,21,,1,1
960,ครัวอิ่มอร่อย,ครัวอิ่มอร่อย,2,2,,1,1
961,ธารา ริเวอร์ เทอเรส ร้านอาหารริมแม่น้ำเจ้าพระยา,ธารา ริเวอร์ เทอเรส ร้านอาหารริมแม่น้ำเจ้าพระยา,6,6,,1,1
962,ประกอบโภชนา,ประกอบโภชนา,34,34,,1,1
963,ร้านอาหารบ้านเพลินดี,ร้านอาหารบ้านเพลินดี,63,63,,1,1
964,สวัสดี คาเฟ่ เดอ ปากเกร็ด,สวัสดี คาเฟ่ เดอ ปากเกร็ด,21,21,,1,1
965,อุ๊ย โอ๋เอง,อุ๊ย โอ๋เอง,4,4,,1,1
966,ถนัดนัวส์ story,ถนัดนัวส์ story,32,32,,1,1
967,เรือนเพชรสุกี้ ศรีนครินทร์ (ปากน้ำ),เรือนเพชรสุกี้ ศรีนครินทร์ (ปากน้ำ),66,66,,1,1
968,ต๋องริมทาง,ต๋องริมทาง,174,174,,1,1
969,ครัวไทเดิ้ง อีสานด๊ะดาด อาหารอีสาน อาหารไทย คาเฟ่ ขนมหวาน,ครัวไทเดิ้ง อีสานด๊ะดาด อาหารอีสาน อาหารไทย คาเฟ่ ขนมหวาน,22,22,,1,1
970,ครัวลุงแถม,ครัวลุงแถม,74,74,,1,1
971,เรือโป๊ะ Seafood โดยแสนสมบูรณ์,เรือโป๊ะ Seafood โดยแสนสมบูรณ์,162,162,,1,1
972,กุ้งแซ่บ,กุ้งแซ่บ,9,9,,1,1
973,ร้านโชคชัย,ร้านโชคชัย,34,34,,1,1
974,ไตรพรโภชนา,ไตรพรโภชนา,30,30,,1,1
975,มาต่ะแกงใต้ นครศรีฯ,มาต่ะแกงใต้ นครศรีฯ,3,3,,1,1
976,อิ่มปลาเผา ไทรน้อย,อิ่มปลาเผา ไทรน้อย,56,56,,1,1
977,ร้านข้าวต้ม อาตี๋ เจ้าเก่ามีนบุรี(คู้บอน37),ร้านข้าวต้ม อาตี๋ เจ้าเก่ามีนบุรี(คู้บอน37),16,16,,1,1
978,ร้านอาหารจีน ฮั่วเซ่งฮง สุขุมวิท101 Huasenghong,ร้านอาหารจีน ฮั่วเซ่งฮง สุขุมวิท101 Huasenghong,33,33,,1,1
979,ร้านเจียงฮาย,ร้านเจียงฮาย,73,73,,1,1
980,เจ๊หมวยโภชนา,เจ๊หมวยโภชนา,57,57,,1,1
981,Dabokhyang หม่าล่าทังสไตล์เกาหลี อันดับ1 สาขาถนนหอการค้าไทย,Dabokhyang หม่าล่าทังสไตล์เกาหลี อันดับ1 สาขาถนนหอการค้าไทย,49,49,,1,1
982,ประกาย คาเฟ่ แอน คูซีน,ประกาย คาเฟ่ แอน คูซีน,58,58,,1,1
983,Lemon tree cafe,Lemon tree cafe,38,38,,1,1
984,Yai bon kitchen,Yai bon kitchen,3,3,,1,1
985,Five Crossing,Five Crossing,19,19,,1,1
986,At Home Rama2,At Home Rama2,14,14,,1,1
987,ลำยอง Esan Izakaya,ลำยอง Esan Izakaya,3,3,,1,1
988,หรอยยกเล อาหารปักษ์ใต้ ซีฟู้ด,หรอยยกเล อาหารปักษ์ใต้ ซีฟู้ด,14,14,,1,1
989,เอิกเกริก ริมน้ำ by อำแดงไต้ฝุ่น,เอิกเกริก ริมน้ำ by อำแดงไต้ฝุ่น,65,65,,1,1
990,ร้านน่านั่งสังกะสี,ร้านน่านั่งสังกะสี,10,10,,1,1
991,ร้านครัวโพธิ์ทะเลซีฟู้ด,ร้านครัวโพธิ์ทะเลซีฟู้ด,86,86,,1,1
992,สุกี้ตี๋น้อย สาขา สายไหมอเวนิว,สุกี้ตี๋น้อย สาขา สายไหมอเวนิว,27,27,,1,1
993,ราดหน้าอาหลิว,ราดหน้าอาหลิว,136,136,,1,1
994,JAM JAM Chinatown,JAM JAM Chinatown,43,43,,1,1
995,ร้านเจ้าคุณจิ้มจุ่ม สาขา 1,ร้านเจ้าคุณจิ้มจุ่ม สาขา 1,26,26,,1,1
996,On The Way,On The Way,5,5,,1,1
997,คอปเปอร์ บียอนด์ บุฟเฟ่ต์ เดอะเซ้นส์ ปิ่นเกล้า,คอปเปอร์ บียอนด์ บุฟเฟ่ต์ เดอะเซ้นส์ ปิ่นเกล้า,69,69,,1,1
998,ฮงเส็งโภชนา ริมน้ำ,ฮงเส็งโภชนา ริมน้ำ,119,119,,1,1
999,ชวนกินหมูกระทะ บรรทัดทอง,ชวนกินหมูกระทะ บรรทัดทอง,115,115,,1,1
1000,ชวนมิตร,ชวนมิตร,15,15,,1,1
1001,กินอร่อย All about Eatery,กินอร่อย All about Eatery,7,7,,1,1
1002,"ร้านอาหารเกาหลี ""อนนี่"" By ""สุเพียร์""","ร้านอาหารเกาหลี ""อนนี่"" By ""สุเพียร์""",3,3,,1,1
1003,ร้านฟาฮาน่าอิตาเลี่ยนฟู้ดส์,ร้านฟาฮาน่าอิตาเลี่ยนฟู้ดส์,35,35,,1,1
1004,"TIKK BKK Café & Bar Naradhiwas14 Sathon, Bangkok","TIKK BKK Café & Bar Naradhiwas14 Sathon, Bangkok",7,7,,1,1
1005,ร้านข้าวต้มก๊อฟฟารี่,ร้านข้าวต้มก๊อฟฟารี่,11,11,,1,1
1006,ครัวสะอาด,ครัวสะอาด,142,142,,1,1
1007,ครัวกาสะลอง ลำปาง (บางเลน),ครัวกาสะลอง ลำปาง (บางเลน),34,34,,1,1
1008,ครัวกาสะลอง ลำปาง,ครัวกาสะลอง ลำปาง,1,1,,1,1
1009,ซันสปิริต บางปู,ซันสปิริต บางปู,15,15,,1,1
1010,อนงค์ อาหารป่า,อนงค์ อาหารป่า,68,68,,1,1
1011,copper bulls cafe&restaurant,copper bulls cafe&restaurant,37,37,,1,1
1012,ปลาอยู่เย็น,ปลาอยู่เย็น,91,91,,1,1
1013,เรียมอาหารป่า,เรียมอาหารป่า,3,3,,1,1
1014,ร้านอาหาร เดวิลลิช,ร้านอาหาร เดวิลลิช,69,69,,1,1
1015,Maojaad เมาจ้าดดด คาเฟ่ ข้าวหน้าเนื้อวากิว นนทบุรี,Maojaad เมาจ้าดดด คาเฟ่ ข้าวหน้าเนื้อวากิว นนทบุรี,196,196,,1,1
1016,Maojaad เมาจ้าดดด ข้าวหน้าเนื้อวากิว นนทบุรี,Maojaad เมาจ้าดดด ข้าวหน้าเนื้อวากิว นนทบุรี,1,1,,1,1
1017,Holey Bakery Suan Phlu,Holey Bakery Suan Phlu,14,14,,1,1
1018,จ้อยเยาวราช,จ้อยเยาวราช,10,10,,1,1
1019,7 Seven Days Plus Bar (เซเว่น เดย์ พลัส บาร์),7 Seven Days Plus Bar (เซเว่น เดย์ พลัส บาร์),8,8,,1,1
1020,บ้านเฮดเชฟ,บ้านเฮดเชฟ,31,31,,1,1
1021,ร้านข้าวแกงนางงาม 10 บาท,ร้านข้าวแกงนางงาม 10 บาท,65,65,,1,1
1022,ธัญญารัตน์ ข้าวมันไก่,ธัญญารัตน์ ข้าวมันไก่,19,19,,1,1
1023,platii.salmon(ปลาตี้แซลมอน)FOOD&DRINK,platii.salmon(ปลาตี้แซลมอน)FOOD&DRINK,3,3,,1,1
1024,ร้านอร่อยจริง,ร้านอร่อยจริง,4,4,,1,1
1025,ครัวหัวกะทิ,ครัวหัวกะทิ,8,8,,1,1
1026,BKK LATE NIGHT BAR,BKK LATE NIGHT BAR,7,7,,1,1
1027,Green Bar & Restaurant - ร้านอาหารกรีน,Green Bar & Restaurant - ร้านอาหารกรีน,5,5,,1,1
1028,The Beach กลางกรุง,The Beach กลางกรุง,23,23,,1,1
1029,หยี่ บัวทองเฮง ข้าวมันไก่ตอน(กินแล้วเฮง),หยี่ บัวทองเฮง ข้าวมันไก่ตอน(กินแล้วเฮง),216,216,,1,1
1030,ร้านอาหารสวัสดิการ รพ.พระมงกุฎ,ร้านอาหารสวัสดิการ รพ.พระมงกุฎ,35,35,,1,1
1031,ครัวสองพี่น้อง,ครัวสองพี่น้อง,2,2,,1,1
1032,CHANAN Japanese Cuisine ร้านอาหารญี่ปุ่น สมุทรสาคร,CHANAN Japanese Cuisine ร้านอาหารญี่ปุ่น สมุทรสาคร,21,21,,1,1
1033,ร้านสิงห์บุรี​ อาหารพื้นบ้าน,ร้านสิงห์บุรี​ อาหารพื้นบ้าน,21,21,,1,1
1034,จ่าบ๊อป,จ่าบ๊อป,16,16,,1,1
1035,สุธารส,สุธารส,80,80,,1,1
1036,ซุ่ยเฮง ข้าวมันไก่,ซุ่ยเฮง ข้าวมันไก่,360,360,,1,1
1037,GUGU Chicken สาขา รัชดาซอย 3,GUGU Chicken สาขา รัชดาซอย 3,12,12,,1,1
1038,ร้านเมามาย,ร้านเมามาย,1,1,,1,1
1039,ร้านอาหาร สามเสนไลฟ์ - เดอะริเวอร์,ร้านอาหาร สามเสนไลฟ์ - เดอะริเวอร์,45,45,,1,1
1040,ครัวแจ่มโรจน์โภชนา,ครัวแจ่มโรจน์โภชนา,4,4,,1,1
1041,ร้านอาหารครัวธารน้ำเย็น,ร้านอาหารครัวธารน้ำเย็น,23,23,,1,1
1042,ร้านอาหารอิ่มอุ่น,ร้านอาหารอิ่มอุ่น,2,2,,1,1
1043,มุมแซ่บ พระนั่งเกล้า,มุมแซ่บ พระนั่งเกล้า,72,72,,1,1
1044,สุกี้ตี๋น้อย โลตัส คลอง4,สุกี้ตี๋น้อย โลตัส คลอง4,34,34,,1,1
1045,เคส 19,เคส 19,18,18,,1,1
1046,ณ คอน - ถนนกาญจนาภิเษก(บางใหญ่),ณ คอน - ถนนกาญจนาภิเษก(บางใหญ่),34,34,,1,1
1047,ร้านตอง ต. อาหารตามสั่ง,ร้านตอง ต. อาหารตามสั่ง,2,2,,1,1
1048,ระเบียงบัว(ครัวพี่ใหญ่),ระเบียงบัว(ครัวพี่ใหญ่),4,4,,1,1
1049,ริมคลอง สตอรี่,ริมคลอง สตอรี่,32,32,,1,1
1050,ริมคลอง สตอรี่ (rimklong story),ริมคลอง สตอรี่ (rimklong story),12,12,,1,1
1051,ร้านล่องสวน,ร้านล่องสวน,12,12,,1,1
1052,ร้านรักษ์ริมน้ำ,ร้านรักษ์ริมน้ำ,24,24,,1,1
1053,ร้านผัดไทยกุ้งสด & อาหารป่า ครัวคลองเจ๊ก,ร้านผัดไทยกุ้งสด & อาหารป่า ครัวคลองเจ๊ก,23,23,,1,1
1054,โอชารสมั่นคง,โอชารสมั่นคง,57,57,,1,1
1055,Garden’9 Cafe,Garden’9 Cafe,7,7,,1,1
1056,ร้านปทุมบุรี,ร้านปทุมบุรี,36,36,,1,1
1057,ร้านเขาวังข้าวต้มโต้รุ่ง,ร้านเขาวังข้าวต้มโต้รุ่ง,14,14,,1,1
1058,เรือนหยกสุกี้,เรือนหยกสุกี้,76,76,,1,1
1059,ครัวอีสาน,ครัวอีสาน,8,8,,1,1
1060,เกาะลันตา สุวรรณภูมิ,เกาะลันตา สุวรรณภูมิ,35,35,,1,1
1061,ร้านข้าวมันไก่ ข้าวหมูแดง เจ้าเก่า หน้าตลาด,ร้านข้าวมันไก่ ข้าวหมูแดง เจ้าเก่า หน้าตลาด,43,43,,1,1
1062,ข้าวต้มโต้รุ่งเจ๊สาว,ข้าวต้มโต้รุ่งเจ๊สาว,27,27,,1,1
1063,ร้านลับ เชฟโอครัวริมบ่อ,ร้านลับ เชฟโอครัวริมบ่อ,45,45,,1,1
1064,ชาบูบอมบ์ หทัยราษฎร์,ชาบูบอมบ์ หทัยราษฎร์,147,147,,1,1
1065,ตำรับย่า ร้านอาหารใต้พื้นบ้าน แจ้งวัฒนะ นนทบุรี,ตำรับย่า ร้านอาหารใต้พื้นบ้าน แจ้งวัฒนะ นนทบุรี,37,37,,1,1
1066,เกศฤดี ซีฟู้ด คลองพระราม (สาขลา),เกศฤดี ซีฟู้ด คลองพระราม (สาขลา),58,58,,1,1
1067,ร้านข้าวต้มกุ๊ย อพอลโล่ หนองจอก,ร้านข้าวต้มกุ๊ย อพอลโล่ หนองจอก,40,40,,1,1
1068,ร้านตำพระยา,ร้านตำพระยา,16,16,,1,1
1069,บางหว้าขาหมู,บางหว้าขาหมู,121,121,,1,1
1070,ครัวบ้านสวนสุวรรณ,ครัวบ้านสวนสุวรรณ,4,4,,1,1
1071,ร้านจ่าวีอาหารป่าเมืองกาญจน์,ร้านจ่าวีอาหารป่าเมืองกาญจน์,16,16,,1,1
1072,ครัว ศุกร์ ที่ ๙,ครัว ศุกร์ ที่ ๙,3,3,,1,1
1073,ร้านเจ้ออด-น้องเอก,ร้านเจ้ออด-น้องเอก,4,4,,1,1
1074,แคมป์คลองโยง Family & Cuisine,แคมป์คลองโยง Family & Cuisine,42,42,,1,1
1075,ระเบียงแซ่บ,ระเบียงแซ่บ,38,38,,1,1
1076,สุดแซ่บ เมืองยศ สาขา 1,สุดแซ่บ เมืองยศ สาขา 1,139,139,,1,1
1077,ร้านอาหารจีน ฮั่วเซ่งฮง เซ็นทรัลเวสต์เกต Huasenghong,ร้านอาหารจีน ฮั่วเซ่งฮง เซ็นทรัลเวสต์เกต Huasenghong,41,41,,1,1
1078,ครัวซ่อนกลิ่น สาขาบางกรวย,ครัวซ่อนกลิ่น สาขาบางกรวย,15,15,,1,1
1079,ทองสมิทธ์ ทาวน์อินทาวน์,ทองสมิทธ์ ทาวน์อินทาวน์,9,9,,1,1
1080,บ้านสวนคุณย่า @ประชาอุทิศ72,บ้านสวนคุณย่า @ประชาอุทิศ72,10,10,,1,1
1081,บ้านสวนคุณย่า @ประชาอุทิศ72 (Baansuankunya),บ้านสวนคุณย่า @ประชาอุทิศ72 (Baansuankunya),4,4,,1,1
1082,ลาบเป็ดสามวาbyทองพูล,ลาบเป็ดสามวาbyทองพูล,21,21,,1,1
1083,"วิโรจน์ก๋วยเตี๋ยวเรือ,ร้านวิโรจน์โภชนาหมู่บ้านสหกรณ์","วิโรจน์ก๋วยเตี๋ยวเรือ,ร้านวิโรจน์โภชนาหมู่บ้านสหกรณ์",101,101,,1,1
1084,เป็ดย่างเยาวราช สาขา2,เป็ดย่างเยาวราช สาขา2,30,30,,1,1
1085,MD-82 cafe & Restaurant Dine on Plane ร้านอาหารบนเครื่องบิน,MD-82 cafe & Restaurant Dine on Plane ร้านอาหารบนเครื่องบิน,6,6,,1,1
1086,บุฟเฟต์อาหารญี่ปุ่น โมรุซูชิ - ก้าวสู่ปีที่ 7 ตำนานความอร่อยในลาดกระบัง,บุฟเฟต์อาหารญี่ปุ่น โมรุซูชิ - ก้าวสู่ปีที่ 7 ตำนานความอร่อยในลาดกระบัง,33,33,,1,1
1087,สวนอาหาร จันทร์เสี้ยว,สวนอาหาร จันทร์เสี้ยว,12,12,,1,1
1088,ร้านกับข้าวกับปลา,ร้านกับข้าวกับปลา,5,5,,1,1
1089,ร้านคุณยาคั่วกลิ้งข้าวแกงใต้,ร้านคุณยาคั่วกลิ้งข้าวแกงใต้,89,89,,1,1
1090,ถูกปาก (สเตเดียม วัน),ถูกปาก (สเตเดียม วัน),253,253,,1,1
1091,ป้านาอาหารตามสั่ง,ป้านาอาหารตามสั่ง,2,2,,1,1
1092,แหม่ม ตามสั่ง,แหม่ม ตามสั่ง,6,6,,1,1
1093,ครัวบ้านเรา​พฤกษา​3​,ครัวบ้านเรา​พฤกษา​3​,6,6,,1,1
1094,ร้านจุ่มเลยอีสานแซ่บ,ร้านจุ่มเลยอีสานแซ่บ,3,3,,1,1
1095,ร้านไอ้หนุ่มแกงใต้นครศรีฯ,ร้านไอ้หนุ่มแกงใต้นครศรีฯ,9,9,,1,1
1096,ร้านอาหารญี่ปุ่น ราคูมิ,ร้านอาหารญี่ปุ่น ราคูมิ,45,45,,1,1
1097,ยกเย็นขึ้นบก,ยกเย็นขึ้นบก,14,14,,1,1
1098,สุกี้ตี๋น้อย ลาดกระบัง 24/1,สุกี้ตี๋น้อย ลาดกระบัง 24/1,64,64,,1,1
1099,ต้นหว้าคาเฟ่,ต้นหว้าคาเฟ่,19,19,,1,1
1100,ร้านสาม สายไหม,ร้านสาม สายไหม,10,10,,1,1
1101,ข้าวมันไก่ตอน นายฮั้ว,ข้าวมันไก่ตอน นายฮั้ว,268,268,,1,1
1102,ครัวกลางซอย,ครัวกลางซอย,9,9,,1,1
1103,ร้านตำเพลิน กิ่งแก้ว-สุวรรณภูมิ,ร้านตำเพลิน กิ่งแก้ว-สุวรรณภูมิ,17,17,,1,1
1104,กินลมชมสวน,กินลมชมสวน,7,7,,1,1
1105,เสน่ห์ชายอาหารไทย,เสน่ห์ชายอาหารไทย,64,64,,1,1
1106,อ้วนข้าวแกง​บางใหญ่​,อ้วนข้าวแกง​บางใหญ่​,10,10,,1,1
1107,ถังถังหมูกรอบ สาขาสุขาภิบาล2 (ติดร้านยากรุงเทพ),ถังถังหมูกรอบ สาขาสุขาภิบาล2 (ติดร้านยากรุงเทพ),26,26,,1,1
1108,ครัวแม่สมจิตร,ครัวแม่สมจิตร,21,21,,1,1
1109,คุ้มเกล้า ซีฟู๊ด,คุ้มเกล้า ซีฟู๊ด,36,36,,1,1
1110,เอเซียข้าวต้มปลา บางบัวทอง,เอเซียข้าวต้มปลา บางบัวทอง,73,73,,1,1
1111,ก๋วยเตี๋ยวไก่บุฟเฟต์พระยาสุเรนทร์,ก๋วยเตี๋ยวไก่บุฟเฟต์พระยาสุเรนทร์,83,83,,1,1
1112,ร้านครัวบ้านๆ,ร้านครัวบ้านๆ,9,9,,1,1
1113,Always Sunday Cafeteria,Always Sunday Cafeteria,31,31,,1,1
1114,ครัวบุษบา,ครัวบุษบา,2,2,,1,1
1115,Subin homecook ซูบินโฮมคุก,Subin homecook ซูบินโฮมคุก,1,1,,1,1
1116,NAMI Phutthamonthon Sai 2,NAMI Phutthamonthon Sai 2,26,26,,1,1
1117,ตะบันตำ ตำถาดบันลือโลก,ตะบันตำ ตำถาดบันลือโลก,96,96,,1,1
1118,Long Pasta,Long Pasta,28,28,,1,1
1119,ข้าวขาหมู ชาญเทคนิค - ร้านต้นตำรับ ขาหมูเมืองนนท์ ปากซ.ประชาราษฎร์ 3,ข้าวขาหมู ชาญเทคนิค - ร้านต้นตำรับ ขาหมูเมืองนนท์ ปากซ.ประชาราษฎร์ 3,193,193,,1,1
1120,เทรเชอร์ เฮาส์,เทรเชอร์ เฮาส์,35,35,,1,1
1121,เบสท์บีฟ สาขามีนบุรี,เบสท์บีฟ สาขามีนบุรี,38,38,,1,1
1122,ร้านอาหารชานชาลา สถานีแห่งมิตรภาพ,ร้านอาหารชานชาลา สถานีแห่งมิตรภาพ,3,3,,1,1
1123,โคตรปู ซีฟู้ด เอสพลานาด รัชดาภิเษก,โคตรปู ซีฟู้ด เอสพลานาด รัชดาภิเษก,113,113,,1,1
1124,ครัววาวา,ครัววาวา,7,7,,1,1
1125,Matty's Café,Matty's Café,11,11,,1,1
1126,ร้านเฮือนเฮา ลาดกระบัง,ร้านเฮือนเฮา ลาดกระบัง,6,6,,1,1
1127,Okinawa Halal Japanese Restaurant,Okinawa Halal Japanese Restaurant,20,20,,1,1
1128,ฮั่วเซ่งฮง เซ็นทรัล พระราม9,ฮั่วเซ่งฮง เซ็นทรัล พระราม9,30,30,,1,1
1129,Khotcher's Cafe,Khotcher's Cafe,3,3,,1,1
1130,ณ คอน - สาขาถนน 345,ณ คอน - สาขาถนน 345,35,35,,1,1
1131,Tina's Sathorn - New Orleans Restaurant,Tina's Sathorn - New Orleans Restaurant,32,32,,1,1
1132,Trees&co (ทรีส์ แอนด์ โค),Trees&co (ทรีส์ แอนด์ โค),22,22,,1,1
1133,กุ้งเศรษฐีพันล้าน ซีฟู๊ดส์ ลำลูกกาคลอง2,กุ้งเศรษฐีพันล้าน ซีฟู๊ดส์ ลำลูกกาคลอง2,46,46,,1,1
1133,กุ้งเศรษฐีพันล้าน ซีฟู๊ดส์ ลำลูกกาคลอง2,กุ้งเศรษฐีพันล้าน ซีฟู๊ดส์ ลำลูกกาคคลอง2,46,1,,1,0
1134,Rosewood Restaurant,Rosewood Restaurant,22,22,,1,1
1135,ร้านป๋านก ข้าวต้มโต้รุ่ง,ร้านป๋านก ข้าวต้มโต้รุ่ง,9,9,,1,1
1136,Brewave,Brewave,26,26,,1,1
1137,ชายคาลมดี cafe&restaurant,ชายคาลมดี cafe&restaurant,5,5,,1,1
1138,ฮีพ สาขาวิภาวดี,ฮีพ สาขาวิภาวดี,36,36,,1,1
1139,ชวนคิทเช่น เมืองทองธานี,ชวนคิทเช่น เมืองทองธานี,118,118,,1,1
1140,ร้านอาหาร คุณตุ่ม,ร้านอาหาร คุณตุ่ม,203,203,,1,1
1141,ร้านสวนสนาน,ร้านสวนสนาน,24,24,,1,1
1142,เตี๋ยวกะตำ by pond,เตี๋ยวกะตำ by pond,30,30,,1,1
1143,ร้านเผาหัว สะพานใหม่ สัมพันธ์วิลล่า แยก 35,ร้านเผาหัว สะพานใหม่ สัมพันธ์วิลล่า แยก 35,22,22,,1,1
1144,ข้าวขาหมู แป๊ะตี๋ โภชนา ดอนเมือง,ข้าวขาหมู แป๊ะตี๋ โภชนา ดอนเมือง,78,78,,1,1
1145,อาโยอิ เมืองทอง 2 บอนด์สตรีท,อาโยอิ เมืองทอง 2 บอนด์สตรีท,84,84,,1,1
1146,อิล โบโลเยเซ่,อิล โบโลเยเซ่,20,20,,1,1
1147,ร้านอาหารครัวลุงพร,ร้านอาหารครัวลุงพร,1,1,,1,1
1148,ครัวเมืองคอน,ครัวเมืองคอน,23,23,,1,1
1149,Cafe' on farm,Cafe' on farm,16,16,,1,1
1150,ร้านอาหาร บ้าน ณ เล,ร้านอาหาร บ้าน ณ เล,93,93,,1,1
1151,ครัวหัวเกาะ กินลมชมเล,ครัวหัวเกาะ กินลมชมเล,51,51,,1,1
1152,ร้านอาหารเจ้จุก,ร้านอาหารเจ้จุก,1,1,,1,1
1153,ร้านตำแซ่บ ประชาสงเคราะห์ 28 ดินแดง,ร้านตำแซ่บ ประชาสงเคราะห์ 28 ดินแดง,9,9,,1,1
1154,Please Eat 69,Please Eat 69,42,42,,1,1
1155,หยาง ข้าวต้มกุ๊ย ลาซาล,หยาง ข้าวต้มกุ๊ย ลาซาล,154,154,,1,1
1156,แซ่บเคียงนา,แซ่บเคียงนา,11,11,,1,1
1157,ร้านอาหารครัวสายทอง,ร้านอาหารครัวสายทอง,37,37,,1,1
1158,ร้านก้อย ก.ม.25,ร้านก้อย ก.ม.25,10,10,,1,1
1159,ข้าวต้มรุ่งเรือง(สาขาถนนเจ้าคุณทหาร),ข้าวต้มรุ่งเรือง(สาขาถนนเจ้าคุณทหาร),9,9,,1,1
1160,ไอเลิฟสเต็ก สาขา ลำลูกกา คลอง6,ไอเลิฟสเต็ก สาขา ลำลูกกา คลอง6,10,10,,1,1
1161,ครัวไท,ครัวไท,54,54,,1,1
1162,ครัวพฤกษา กัลปพฤกษ์,ครัวพฤกษา กัลปพฤกษ์,21,21,,1,1
1163,จุ้ง​​ ข้าวขาหมู​ ข้าวหมูแดง นครปฐม​ ปั๊มน้ำมันบางจาก พุทธมณฑลสาย 5,จุ้ง​​ ข้าวขาหมู​ ข้าวหมูแดง นครปฐม​ ปั๊มน้ำมันบางจาก พุทธมณฑลสาย 5,20,20,,1,1
1164,กุ๊กชมชวนชิม,กุ๊กชมชวนชิม,17,17,,1,1
1165,ชอบกระเพรา,ชอบกระเพรา,11,11,,1,1
1166,ครัวรสทิพย์,ครัวรสทิพย์,9,9,,1,1
1167,ข้าวมันไก่เจ๊ยี,ข้าวมันไก่เจ๊ยี,348,348,,1,1
1168,ร้านอาหารทะเลเจ๊เลี๊ยบ,ร้านอาหารทะเลเจ๊เลี๊ยบ,81,81,,1,1
1169,ครัวบ้านถุงทอง (ริมสวน),ครัวบ้านถุงทอง (ริมสวน),8,8,,1,1
1170,509cafe,509cafe,3,3,,1,1
1171,ร้านบางหว้าขาหมู,ร้านบางหว้าขาหมู,177,177,,1,1
1172,Le Khwam Luck Cafe Bar and Restaurant (เลอความลัค คาเฟ่ บาร์ แอนด์ เรสเตอร์รอง),Le Khwam Luck Cafe Bar and Restaurant (เลอความลัค คาเฟ่ บาร์ แอนด์ เรสเตอร์รอง),7,7,,1,1
1173,เจ้ตั้มตามสั่ง,เจ้ตั้มตามสั่ง,4,4,,1,1
1174,ครัวสุดเขต,ครัวสุดเขต,5,5,,1,1
1175,ข้าวต้มเพื่อสุขภาพ 3 บาท,ข้าวต้มเพื่อสุขภาพ 3 บาท,141,141,,1,1
1176,ข้างเริน southern food,ข้างเริน southern food,4,4,,1,1
1177,ครัวปากน้ำ,ครัวปากน้ำ,6,6,,1,1
1178,Up to you,Up to you,1,1,,1,1
1179,ร้านอาหารแม่น้ำ ปทุมธานี,ร้านอาหารแม่น้ำ ปทุมธานี,195,195,,1,1
1180,ครัวแม่ปาร์ตี้,ครัวแม่ปาร์ตี้,50,50,,1,1
1181,ส้มตำหลังสวน บางปู ร้านอาหารบางปู ร้านอาหารสมุทรปราการ,ส้มตำหลังสวน บางปู ร้านอาหารบางปู ร้านอาหารสมุทรปราการ,116,116,,1,1
1182,ร้านต้มเลือดหมู อาหารตามสั่ง,ร้านต้มเลือดหมู อาหารตามสั่ง,17,17,,1,1
1183,เครื่องยำ Kruang Yum เมืองทองธานี คอสโมบาซาร์,เครื่องยำ Kruang Yum เมืองทองธานี คอสโมบาซาร์,100,100,,1,1
1184,อากาเว่ฟูมุ่ยกี่2ร้านอาหารอร่อยรัชดาพระรามเก้าตำนานกุ๊กชอปเชลล์ชวนชิมตั้งแต่ พ.ศ.2475,อากาเว่ฟูมุ่ยกี่2ร้านอาหารอร่อยรัชดาพระรามเก้าตำนานกุ๊กชอปเชลล์ชวนชิมตั้งแต่ พ.ศ.2475,27,27,,1,1
1185,อากาเว่ฟูมุ่ยกี่2ร้านอาหารอร่อยรัชดาพระรามเก้าตำนานกุ๊กชอปเชลล์ชวนชิมตั้งแต่ พ.ศ.2475 (Agave Restaurant/Agavefoomuikee),อากาเว่ฟูมุ่ยกี่2ร้านอาหารอร่อยรัชดาพระรามเก้าตำนานกุ๊กชอปเชลล์ชวนชิมตั้งแต่ พ.ศ.2475 (Agave Restaurant/Agavefoomuikee),98,98,,1,1
1186,ข้าวต้ม ต้มยำหัวปลาสาย 3,ข้าวต้ม ต้มยำหัวปลาสาย 3,8,8,,1,1
1187,ณ.วันดีดี,ณ.วันดีดี,28,28,,1,1
1188,ร้านอาหารตามสั่ง ครัวมิตรภาพ พหลโยธิน 23,ร้านอาหารตามสั่ง ครัวมิตรภาพ พหลโยธิน 23,3,3,,1,1
1189,ครัวเก่าเก็บ,ครัวเก่าเก็บ,12,12,,1,1
1190,คุณสยาม ซุปเปอร์แซ่บ,คุณสยาม ซุปเปอร์แซ่บ,4,4,,1,1
1191,เต็มศรี&พี,เต็มศรี&พี,18,18,,1,1
1192,ใกล้บ้าน คาเฟ่ แอนด์ เรสเตอรอง,ใกล้บ้าน คาเฟ่ แอนด์ เรสเตอรอง,54,54,,1,1
1193,โอ้กะจู๋ สาขามาร์เก็ตวิลเลจ รังสิต,โอ้กะจู๋ สาขามาร์เก็ตวิลเลจ รังสิต,14,14,,1,1
1194,อยู่กับเพื่อนบ้างบาร์,อยู่กับเพื่อนบ้างบาร์,2,2,,1,1
1195,ร้านอาหารบารอกัต ลั้ลลาแลนด์,ร้านอาหารบารอกัต ลั้ลลาแลนด์,6,6,,1,1
1196,HOTDUCK,HOTDUCK,23,23,,1,1
1197,คุงโภชนา สาขา ตรงข้าม ซ.นวลจันทร์ 34,คุงโภชนา สาขา ตรงข้าม ซ.นวลจันทร์ 34,187,187,,1,1
1198,ร้าน The Monday,ร้าน The Monday,1,1,,1,1
1199,ครัวกลางน้ำ ซีฟู้ด,ครัวกลางน้ำ ซีฟู้ด,49,49,,1,1
1200,ร้านอาหารสองฝั่งคลอง ริเวอร์ไซด์,ร้านอาหารสองฝั่งคลอง ริเวอร์ไซด์,55,55,,1,1
1201,ครัวแม่แป๋,ครัวแม่แป๋,25,25,,1,1
1202,ฮังกรีเนิร์ด สเต๊ก แอนด์ พาสตา สาขาราชเทวี,ฮังกรีเนิร์ด สเต๊ก แอนด์ พาสตา สาขาราชเทวี,47,47,,1,1
1203,ร้านจิ๋วกันทิยาข้าวหมกไก่,ร้านจิ๋วกันทิยาข้าวหมกไก่,6,6,,1,1
1204,ครัวหลังสวน,ครัวหลังสวน,1,1,,1,1
1205,ร้านอาหารริมชล,ร้านอาหารริมชล,23,23,,1,1
1206,ร้านอาหารชมนา - คลอง3,ร้านอาหารชมนา - คลอง3,30,30,,1,1
1207,ร้านลุงจ่าอาหารทะเล,ร้านลุงจ่าอาหารทะเล,23,23,,1,1
1208,ร้านเฮียหนวด เก้าอี้แดง,ร้านเฮียหนวด เก้าอี้แดง,21,21,,1,1
1209,ตามใจปรารถนา,ตามใจปรารถนา,112,112,,1,1
1210,ฮันกุก บาร์บีคิว @ศาลายา,ฮันกุก บาร์บีคิว @ศาลายา,60,60,,1,1
1211,ร้าน Camp ต้มตุ๋น,ร้าน Camp ต้มตุ๋น,3,3,,1,1
1212,ร้านอาหารครัวคุณไก่,ร้านอาหารครัวคุณไก่,19,19,,1,1
1213,บ้านก้ามปู Kampoo House,บ้านก้ามปู Kampoo House,7,7,,1,1
1214,BOONSIRI Thaifood Bangkok,BOONSIRI Thaifood Bangkok,42,42,,1,1
1215,THREE ICONIC,THREE ICONIC,7,7,,1,1
1216,ร้านเป็ดย่าง เปิด 24 ช.ม. หอนาฬิกา อ.กระทุ่มแบน,ร้านเป็ดย่าง เปิด 24 ช.ม. หอนาฬิกา อ.กระทุ่มแบน,107,107,,1,1
1217,ร้านข้าวต้ม เจ้ฑา,ร้านข้าวต้ม เจ้ฑา,48,48,,1,1
1218,ร้านบ้านย่า เรซิพี,ร้านบ้านย่า เรซิพี,10,10,,1,1
1219,กินข้าว กินเตี๋ยว,กินข้าว กินเตี๋ยว,2,2,,1,1
1220,Hidden Backyard,Hidden Backyard,48,48,,1,1
1221,พ่อครัวน้อย CLOUD KiTCHEN 24 ชั่วโมง สาขา 2 สาขาลาดกระบัง สุวรรณภูมิ,พ่อครัวน้อย CLOUD KiTCHEN 24 ชั่วโมง สาขา 2 สาขาลาดกระบัง สุวรรณภูมิ,12,12,,1,1
1222,ครัวอร่อยเด็ด เผ็ดหรอย บายคุณโอ.,ครัวอร่อยเด็ด เผ็ดหรอย บายคุณโอ.,4,4,,1,1
1223,อัน งอน ร้านอาหารเวียดนาม-อีสาน,อัน งอน ร้านอาหารเวียดนาม-อีสาน,12,12,,1,1
1224,ร้านข้าวแกงน้องกิ๊ก,ร้านข้าวแกงน้องกิ๊ก,22,22,,1,1
1225,ร้านอาหารเกาหลี อีวาวอน,ร้านอาหารเกาหลี อีวาวอน,91,91,,1,1
1226,ร้านปุ้ยลาบเป็ดอุดร,ร้านปุ้ยลาบเป็ดอุดร,6,6,,1,1
1227,ชอบกิน,ชอบกิน,32,32,,1,1
1228,มอเกน บางปู,มอเกน บางปู,64,64,,1,1
1229,บ้านเตี๋ยวต้มยำโบราณ,บ้านเตี๋ยวต้มยำโบราณ,54,54,,1,1
1230,ร้านข้าวต้มรุ่งเรืองกิ่งแก้วบางพลี,ร้านข้าวต้มรุ่งเรืองกิ่งแก้วบางพลี,2,2,,1,1
1231,ร เรือ บางจาก,ร เรือ บางจาก,23,23,,1,1
1232,ต้มเลือดหมูพันปี,ต้มเลือดหมูพันปี,47,47,,1,1
1233,เอิร์นนิ่ง,เอิร์นนิ่ง,5,5,,1,1
1234,ประกายไฟ suki & craft,ประกายไฟ suki & craft,48,48,,1,1
1235,บาสสึกายะ,บาสสึกายะ,24,24,,1,1
1236,ร้านแพนด้าคิทเช่นสาขา2 Pandakitchen2,ร้านแพนด้าคิทเช่นสาขา2 Pandakitchen2,6,6,,1,1
1237,ร้าน ครัวน้าเนียมซีฟู้ด,ร้าน ครัวน้าเนียมซีฟู้ด,83,83,,1,1
1238,Me'Mook(มีมุก) cafe&restaurant,Me'Mook(มีมุก) cafe&restaurant,1,1,,1,1
1239,ครัวนิมา บ้านสวน,ครัวนิมา บ้านสวน,7,7,,1,1
1240,ครัวมาดาม Madam's kitchen,ครัวมาดาม Madam's kitchen,13,13,,1,1
1241,ร้านยายติ๋ม อาหารตามสั่ง,ร้านยายติ๋ม อาหารตามสั่ง,1,1,,1,1
1242,อร่อยไชน่า,อร่อยไชน่า,1,1,,1,1
1243,ร้านอาหาร กรินทร์ป่า,ร้านอาหาร กรินทร์ป่า,3,3,,1,1
1244,ร้านครกไม้ไทเลย,ร้านครกไม้ไทเลย,19,19,,1,1
1245,Kaneki Japanese Restaurant,Kaneki Japanese Restaurant,48,48,,1,1
1246,BAI SOM Farm & Cafe’,BAI SOM Farm & Cafe’,8,8,,1,1
1247,ข้าวมันไก่ลิ่มซัง ท่าพระ,ข้าวมันไก่ลิ่มซัง ท่าพระ,143,143,,1,1
1248,โรงสีโภชนา Rongsi Pochana นางลิ้นจี่,โรงสีโภชนา Rongsi Pochana นางลิ้นจี่,60,60,,1,1
1249,เหลาริมทาง by เชฟเดช,เหลาริมทาง by เชฟเดช,73,73,,1,1
1250,ตำลอกอ สมุทรปราการ,ตำลอกอ สมุทรปราการ,11,11,,1,1
1251,ครัวสมอไม้ คลองด่าน,ครัวสมอไม้ คลองด่าน,18,18,,1,1
1252,สถานีชาบัง มีนบุรี,สถานีชาบัง มีนบุรี,16,16,,1,1
1253,ออ อาหารตามสั่ง,ออ อาหารตามสั่ง,1,1,,1,1
1254,สวนขนาบคลอง ซีฟู๊ด,สวนขนาบคลอง ซีฟู๊ด,17,17,,1,1
1255,JJ_FRESHSALMON,JJ_FRESHSALMON,1,1,,1,1
1256,ริมเขื่อนจุ๋มหนวดซีฟู้ด (ร้านแรกติดริมถนน เก้าอี้เหลือง),ริมเขื่อนจุ๋มหนวดซีฟู้ด (ร้านแรกติดริมถนน เก้าอี้เหลือง),43,43,,1,1
1257,นงเยาว์ ห่อหมกปลาช่อน,นงเยาว์ ห่อหมกปลาช่อน,6,6,,1,1
1258,อู่ฟู่ อีทเทอรี่,อู่ฟู่ อีทเทอรี่,42,42,,1,1
1259,ร้านอาหารเพลิน เพลิน,ร้านอาหารเพลิน เพลิน,52,52,,1,1
1260,Gusto Bangna Bar&Restaurant,Gusto Bangna Bar&Restaurant,5,5,,1,1
1261,ร้านอาหาร Bar's หนมชั้น,ร้านอาหาร Bar's หนมชั้น,1,1,,1,1
1262,PIZZA MASSILIA,PIZZA MASSILIA,6,6,,1,1
1263,ร้านส้มตำบัวรอง,ร้านส้มตำบัวรอง,46,46,,1,1
1264,ร้านลับวัดด่าน,ร้านลับวัดด่าน,188,188,,1,1
1265,สวนอาหารระเบียงน้ำ,สวนอาหารระเบียงน้ำ,32,32,,1,1
1266,นายแก้วคอหมูย่าง​ Cafe​ & Bistro,นายแก้วคอหมูย่าง​ Cafe​ & Bistro,207,207,,1,1
1267,Japanish Rooftop Bar & Modern Kitchen,Japanish Rooftop Bar & Modern Kitchen,9,9,,1,1
1268,ยำแหลกปลาแดกเลิศสาขาสายไหม,ยำแหลกปลาแดกเลิศสาขาสายไหม,76,76,,1,1
1269,ร้านมายัง,ร้านมายัง,5,5,,1,1
1270,บันยากาด,บันยากาด,38,38,,1,1
1271,กับข้าวปากน้ำ,กับข้าวปากน้ำ,46,46,,1,1
1272,"กินแกง ""อาหารไทย รสดั่งเดิม""","กินแกง ""อาหารไทย รสดั่งเดิม""",35,35,,1,1
1273,ร้านอาหารริมบึง,ร้านอาหารริมบึง,31,31,,1,1
1274,น้องสตางค์ กุ้งแม่น้ำเผา บางเลน,น้องสตางค์ กุ้งแม่น้ำเผา บางเลน,1,1,,1,1
1275,บ้านบางกอก สาขา รพ.สินแพทย์รามอินทรา,บ้านบางกอก สาขา รพ.สินแพทย์รามอินทรา,26,26,,1,1
1276,สินชัย โภชนา,สินชัย โภชนา,82,82,,1,1
1277,The Chopsticks (sukhumvit),The Chopsticks (sukhumvit),245,245,,1,1
1278,สราญรมย์ (ร้านครัวบ้านช่างเดิม),สราญรมย์ (ร้านครัวบ้านช่างเดิม),17,17,,1,1
1279,ชมนา,ชมนา,30,30,,1,1
1280,The Chopsticks,The Chopsticks,2,2,,1,1
1281,ViewDee Relax & Restaurant,ViewDee Relax & Restaurant,43,43,,1,1
1282,ต้าเจียห่าว,ต้าเจียห่าว,11,11,,1,1
1283,ร้านข้าวหมูแดง-เจ้าเก่า โพธิ์สามต้น,ร้านข้าวหมูแดง-เจ้าเก่า โพธิ์สามต้น,6,6,,1,1
1284,ก๋วยเตี๋ยวบ้านร่มโพธิ์,ก๋วยเตี๋ยวบ้านร่มโพธิ์,31,31,,1,1
1285,ครัวแสงทองซีฟู้ด,ครัวแสงทองซีฟู้ด,55,55,,1,1
1286,โจ๊กสยาม อุดมสุข,โจ๊กสยาม อุดมสุข,21,21,,1,1
1287,ครัวนกริ๊ก อาหารป่า อย่างละร้อย,ครัวนกริ๊ก อาหารป่า อย่างละร้อย,5,5,,1,1
1288,ป้าลี-ลุงช้าง กุ้งเผา,ป้าลี-ลุงช้าง กุ้งเผา,32,32,,1,1
1289,ครัวนกริ๊ก อาหารป่า,ครัวนกริ๊ก อาหารป่า,2,2,,1,1
1290,ครัวคุณต้อย บางแค,ครัวคุณต้อย บางแค,30,30,,1,1
1291,DREAM PREMIUM KOREAN BBQ-BUFFET เรือบิน,DREAM PREMIUM KOREAN BBQ-BUFFET เรือบิน,45,45,,1,1
1292,SAB Indy CDC,SAB Indy CDC,8,8,,1,1
1293,อึกทึกซีฟู้ด ริมน้ำ,อึกทึกซีฟู้ด ริมน้ำ,54,54,,1,1
1294,Green House กรีนเฮาส์ Magic Love House,Green House กรีนเฮาส์ Magic Love House,20,20,,1,1
1295,กินโป่ม อีสานแซ่บนัวร์,กินโป่ม อีสานแซ่บนัวร์,7,7,,1,1
1296,ดูคลองคาเฟ่ แอนด์ อีท,ดูคลองคาเฟ่ แอนด์ อีท,52,52,,1,1
1297,โฮคิทเช่น ซีฟู้ด เหม่งจ๋าย​,โฮคิทเช่น ซีฟู้ด เหม่งจ๋าย​,43,43,,1,1
1298,ครัวมณีวรรณ,ครัวมณีวรรณ,28,28,,1,1
1299,ร้านโคตรแซ่บ,ร้านโคตรแซ่บ,2,2,,1,1
1300,อี้จู๋หมูกระทะ,อี้จู๋หมูกระทะ,66,66,,1,1
1301,กุ้งทองซีฟู้ด,กุ้งทองซีฟู้ด,145,145,,1,1
1302,ชวนหม่ำ ครัวบ้านเรา Chuan Mam Kruua baan-rao,ชวนหม่ำ ครัวบ้านเรา Chuan Mam Kruua baan-rao,6,6,,1,1
1303,เล็กหงษ์โภชนา,เล็กหงษ์โภชนา,66,66,,1,1
1304,ครัวคุณอิ้น พระราม9,ครัวคุณอิ้น พระราม9,69,69,,1,1
1305,รสมาลี Rose Maree ริมคลอง,รสมาลี Rose Maree ริมคลอง,62,62,,1,1
1306,ครัวนายหัวอินดี้,ครัวนายหัวอินดี้,16,16,,1,1
1307,ติดคลอง หม่าล่า ชาบู สายพาน ฮาล้าล,ติดคลอง หม่าล่า ชาบู สายพาน ฮาล้าล,1,1,,1,1
1308,Fam Eatery,Fam Eatery,14,14,,1,1
1309,ร้านผัดไทยคอกม้า,ร้านผัดไทยคอกม้า,7,7,,1,1
1310,ครัวมะลิจันทร์ Malichan Thai Kitchen,ครัวมะลิจันทร์ Malichan Thai Kitchen,10,10,,1,1
1311,ร้านอาหารครัวยินดี,ร้านอาหารครัวยินดี,19,19,,1,1
1312,ร้านมันดี ก๋วยเตี๋ยวต้มยำมันกุ้ง - ข้าวไข่ข้นซอสมันกุ้ง,ร้านมันดี ก๋วยเตี๋ยวต้มยำมันกุ้ง - ข้าวไข่ข้นซอสมันกุ้ง,190,190,,1,1
1313,ร้านป้าอู๊ด ข้าวแกงเมืองคอน,ร้านป้าอู๊ด ข้าวแกงเมืองคอน,30,30,,1,1
1314,Baan Somtum บ้านส้มตำ สาขาบางนา,Baan Somtum บ้านส้มตำ สาขาบางนา,97,97,,1,1
1315,ครัวคุณอิ้น,ครัวคุณอิ้น,97,97,,1,1
1316,Terrace Bangpoo เทอเรสบางปู @74,Terrace Bangpoo เทอเรสบางปู @74,7,7,,1,1
1317,Kati Eatery กะทิ อีทเทอรี่,Kati Eatery กะทิ อีทเทอรี่,1,1,,1,1
1318,ร้านอาหาร แกงป่าจันทบูร สูตรแม่ยาย @ถนน345,ร้านอาหาร แกงป่าจันทบูร สูตรแม่ยาย @ถนน345,33,33,,1,1
1319,ร่ำรวยโภชนา พระราม 3,ร่ำรวยโภชนา พระราม 3,101,101,,1,1
1320,ชอคโกแลต วิลล์,ชอคโกแลต วิลล์,5,5,,1,1
1321,ครัวริมน้ำ กระทุ่มแบน,ครัวริมน้ำ กระทุ่มแบน,26,26,,1,1
1322,Make Me Wine พิซซ่าเตาถ่าน อิตาเลี่ยนอร่อย ไวน์ดี ครัวไทยจัดจ้าน,Make Me Wine พิซซ่าเตาถ่าน อิตาเลี่ยนอร่อย ไวน์ดี ครัวไทยจัดจ้าน,7,7,,1,1
1323,บาร์ลมดี ราชพฤกษ์,บาร์ลมดี ราชพฤกษ์,8,8,,1,1
1324,บุรินทร์กินข้าว เบอร์เกอร์ & สเต๊ก,บุรินทร์กินข้าว เบอร์เกอร์ & สเต๊ก,55,55,,1,1
1325,ยกลึก เบียร์วุ้น ราชพฤกษ์,ยกลึก เบียร์วุ้น ราชพฤกษ์,9,9,,1,1
1326,East View คลองสาม ลำลูกกา,East View คลองสาม ลำลูกกา,7,7,,1,1
1327,เท็ปเป็น สาทร ร้านอาหารญี่ปุ่น เอ็นเตอร์เทนเมนท์ไดนิ่ง,เท็ปเป็น สาทร ร้านอาหารญี่ปุ่น เอ็นเตอร์เทนเมนท์ไดนิ่ง,33,33,,1,1
1328,สเตชั่น618,สเตชั่น618,12,12,,1,1
1329,สวนอาหารรุ่งนภา,สวนอาหารรุ่งนภา,38,38,,1,1
1330,12Bar โชว์ระบบ,12Bar โชว์ระบบ,1,1,,1,1
1331,บาอิค บาอิค Baik Baik Restaurant,บาอิค บาอิค Baik Baik Restaurant,15,15,,1,1
1332,ครัวชมอ่าว,ครัวชมอ่าว,26,26,,1,1
1333,ครัวริมนที,ครัวริมนที,19,19,,1,1
1334,อบไออุ่น Pizza&Specialty Coffee,อบไออุ่น Pizza&Specialty Coffee,9,9,,1,1
1335,S&P บิ๊กซี ลำลูกกาคลอง 5,S&P บิ๊กซี ลำลูกกาคลอง 5,2,2,,1,1
1336,ร้านเสียวหลัง,ร้านเสียวหลัง,199,199,,1,1
1337,สายแซ่บ สายไหม,สายแซ่บ สายไหม,49,49,,1,1
1338,วัชระโภชนา,วัชระโภชนา,145,145,,1,1
